INSERT INTO Customers (cusID, street, city, state, zip, cusEmail, cusFirstName, cusLastName, cusNotes, cusPhone) VALUES (10001, '778 Riverstone Dr', 'Wichita Falls', 'TX', '75113', 'thomas_hannah@outlook.com', 'Hannah', 'Thomas', '', '(284) 477-4453');
INSERT INTO Customers (cusID, street, city, state, zip, cusEmail, cusFirstName, cusLastName, cusNotes, cusPhone) VALUES (10002, '781 Wildflower Ln', 'McKinney', 'TX', '76341', 'cohenm123@outlook.com', 'Maria', 'Cohen', 'Traded-in a vehicle', '(278) 992-8037');
INSERT INTO Customers (cusID, street, city, state, zip, cusEmail, cusFirstName, cusLastName, cusNotes, cusPhone) VALUES (10003, '3376 Shady Creek Dr', 'San Angelo', 'TX', '79428', 'ortizr123@hotmail.com', 'Ruth', 'Ortiz', '', '(248) 591-8149');
INSERT INTO Customers (cusID, street, city, state, zip, cusEmail, cusFirstName, cusLastName, cusNotes, cusPhone) VALUES (10004, '112 Magnolia Ct', 'Plano', 'TX', '75607', 'leo.bennett@hotmail.com', 'Leo', 'Bennett', '', '(229) 420-5780');
INSERT INTO Customers (cusID, street, city, state, zip, cusEmail, cusFirstName, cusLastName, cusNotes, cusPhone) VALUES (10005, '2937 Briar Ln', 'Round Rock', 'TX', '75239', 'sstone@yahoo.com', 'Sam', 'Stone', '', '(226) 213-5583');
INSERT INTO Customers (cusID, street, city, state, zip, cusEmail, cusFirstName, cusLastName, cusNotes, cusPhone) VALUES (10006, '481 Silverleaf Dr', 'McKinney', 'TX', '78136', 'michael.jones@hotmail.com', 'Michael', 'Jones', '', '(268) 697-2999');
INSERT INTO Customers (cusID, street, city, state, zip, cusEmail, cusFirstName, cusLastName, cusNotes, cusPhone) VALUES (10007, '1608 Fairview Ave', 'Bryan', 'TX', '78970', 'davis_emma@hotmail.com', 'Emma', 'Davis', '', '(262) 343-4152');
INSERT INTO Customers (cusID, street, city, state, zip, cusEmail, cusFirstName, cusLastName, cusNotes, cusPhone) VALUES (10008, '778 Sycamore Rd', 'Wichita Falls', 'TX', '77069', 'elliot.hassan@gmail.com', 'Elliot', 'Hassan', '', '(236) 577-3124');
INSERT INTO Customers (cusID, street, city, state, zip, cusEmail, cusFirstName, cusLastName, cusNotes, cusPhone) VALUES (10009, '2684 Crescent Dr', 'Bryan', 'TX', '78412', 'coopers123@gmail.com', 'Sandra', 'Cooper', '', '(218) 616-6662');
INSERT INTO Customers (cusID, street, city, state, zip, cusEmail, cusFirstName, cusLastName, cusNotes, cusPhone) VALUES (10010, '720 Briar Ln', 'Pasadena', 'TX', '76511', 'kennedy_henry@gmail.com', 'Henry', 'Kennedy', '', '(228) 137-5593');
INSERT INTO Customers (cusID, street, city, state, zip, cusEmail, cusFirstName, cusLastName, cusNotes, cusPhone) VALUES (10011, '306 Broadway', 'Austin', 'TX', '78045', 'woodsb123@outlook.com', 'Bob', 'Woods', 'Traded-in a vehicle', '(267) 519-4077');
INSERT INTO Customers (cusID, street, city, state, zip, cusEmail, cusFirstName, cusLastName, cusNotes, cusPhone) VALUES (10012, '110 Bluebell St', 'Arlington', 'TX', '75764', 'greent123@yahoo.com', 'Tyler', 'Green', '', '(242) 358-1331');
INSERT INTO Customers (cusID, street, city, state, zip, cusEmail, cusFirstName, cusLastName, cusNotes, cusPhone) VALUES (10013, '858 Sycamore Rd', 'Bryan', 'TX', '77203', 'ecollins@gmail.com', 'Elizabeth', 'Collins', '', '(255) 524-9455');
INSERT INTO Customers (cusID, street, city, state, zip, cusEmail, cusFirstName, cusLastName, cusNotes, cusPhone) VALUES (10014, '7758 Sycamore Rd', 'Baytown', 'TX', '77877', 'karen.mitchell@gmail.com', 'Karen', 'Mitchell', 'Scheduled appointment', '(213) 205-1582');
INSERT INTO Customers (cusID, street, city, state, zip, cusEmail, cusFirstName, cusLastName, cusNotes, cusPhone) VALUES (10015, '5377 Aspen Ridge Dr', 'Blanket', 'TX', '79522', 'amelia.baker@outlook.com', 'Amelia', 'Baker', '', '(227) 413-3078');
INSERT INTO Customers (cusID, street, city, state, zip, cusEmail, cusFirstName, cusLastName, cusNotes, cusPhone) VALUES (10016, '5576 Starlight Dr', 'Fort Worth', 'TX', '78401', 'dereck.stone@outlook.com', 'Dereck', 'Stone', '', '(248) 676-1098');
INSERT INTO Customers (cusID, street, city, state, zip, cusEmail, cusFirstName, cusLastName, cusNotes, cusPhone) VALUES (10017, '5157 Amberwood St', 'Austin', 'TX', '78158', 'wallacek123@hotmail.com', 'Karen', 'Wallace', '', '(285) 808-4230');
INSERT INTO Customers (cusID, street, city, state, zip, cusEmail, cusFirstName, cusLastName, cusNotes, cusPhone) VALUES (10018, '716 Main St', 'Irving', 'TX', '77147', 'sbrown@yahoo.com', 'Sara', 'Brown', '', '(217) 897-6892');
INSERT INTO Customers (cusID, street, city, state, zip, cusEmail, cusFirstName, cusLastName, cusNotes, cusPhone) VALUES (10019, '201 Cedarwood St', 'Paris', 'TX', '79816', 'brown_benjamin@gmail.com', 'Benjamin', 'Brown', '', '(261) 559-3195');
INSERT INTO Customers (cusID, street, city, state, zip, cusEmail, cusFirstName, cusLastName, cusNotes, cusPhone) VALUES (10020, '171 Chestnut Ave', 'Round Rock', 'TX', '76876', 'nguyenr123@hotmail.com', 'Ruth', 'Nguyen', '', '(268) 739-8193');
INSERT INTO Customers (cusID, street, city, state, zip, cusEmail, cusFirstName, cusLastName, cusNotes, cusPhone) VALUES (10021, '564 Redwood Ave', 'Round Rock', 'TX', '77167', 'thomas.foster@hotmail.com', 'Thomas', 'Foster', 'New Customer', '(267) 774-4745');
INSERT INTO Customers (cusID, street, city, state, zip, cusEmail, cusFirstName, cusLastName, cusNotes, cusPhone) VALUES (10022, '4099 Pinewood St', 'Arlington', 'TX', '78559', 'lstewart@hotmail.com', 'Leo', 'Stewart', '', '(235) 499-3597');
INSERT INTO Customers (cusID, street, city, state, zip, cusEmail, cusFirstName, cusLastName, cusNotes, cusPhone) VALUES (10023, '997 Fairview Ave', 'Pasadena', 'TX', '79238', 'morris_amelia@gmail.com', 'Amelia', 'Morris', '', '(271) 113-2202');
INSERT INTO Customers (cusID, street, city, state, zip, cusEmail, cusFirstName, cusLastName, cusNotes, cusPhone) VALUES (10024, '604 Oak St', 'Abilene', 'TX', '78756', 'daisy.ramirez@outlook.com', 'Daisy', 'Ramirez', '', '(223) 425-9513');
INSERT INTO Customers (cusID, street, city, state, zip, cusEmail, cusFirstName, cusLastName, cusNotes, cusPhone) VALUES (10025, '5740 Magnolia Ct', 'Sugar Land', 'TX', '77701', 'ayoung@hotmail.com', 'Ava', 'Young', '', '(273) 417-7021');
INSERT INTO Customers (cusID, street, city, state, zip, cusEmail, cusFirstName, cusLastName, cusNotes, cusPhone) VALUES (10026, '967 Redwood Ave', 'Pasadena', 'TX', '75838', 'fostere123@yahoo.com', 'Emma', 'Foster', '', '(219) 285-1912');
INSERT INTO Customers (cusID, street, city, state, zip, cusEmail, cusFirstName, cusLastName, cusNotes, cusPhone) VALUES (10027, '672 Main St', 'Round Rock', 'TX', '77465', 'sam.baker@gmail.com', 'Sam', 'Baker', '', '(237) 950-6338');
INSERT INTO Customers (cusID, street, city, state, zip, cusEmail, cusFirstName, cusLastName, cusNotes, cusPhone) VALUES (10028, '771 Blackberry Rd', 'San Antonio', 'TX', '78364', 'daniel.lopez@outlook.com', 'Daniel', 'Lopez', '', '(217) 639-3556');
INSERT INTO Customers (cusID, street, city, state, zip, cusEmail, cusFirstName, cusLastName, cusNotes, cusPhone) VALUES (10029, '779 Oakwood St', 'Pearland', 'TX', '76893', 'hharvey@outlook.com', 'Hannah', 'Harvey', '', '(254) 998-8015');
INSERT INTO Customers (cusID, street, city, state, zip, cusEmail, cusFirstName, cusLastName, cusNotes, cusPhone) VALUES (10030, '461 Crescent Dr', 'Paris', 'TX', '75469', 'ortizb123@hotmail.com', 'Bob', 'Ortiz', '', '(249) 229-8866');
INSERT INTO Customers (cusID, street, city, state, zip, cusEmail, cusFirstName, cusLastName, cusNotes, cusPhone) VALUES (10031, '5363 Highland Blvd', 'Abilene', 'TX', '79133', 'perezj123@yahoo.com', 'Jasmine', 'Perez', '', '(284) 777-2601');
INSERT INTO Customers (cusID, street, city, state, zip, cusEmail, cusFirstName, cusLastName, cusNotes, cusPhone) VALUES (10032, '5905 Riverstone Dr', 'McKinney', 'TX', '77925', 'abaker@outlook.com', 'Alice', 'Baker', '', '(282) 438-9565');
INSERT INTO Customers (cusID, street, city, state, zip, cusEmail, cusFirstName, cusLastName, cusNotes, cusPhone) VALUES (10033, '988 Shady Creek Dr', 'Abilene', 'TX', '77492', 'thomash123@outlook.com', 'Henry', 'Thomas', '', '(289) 784-7863');
INSERT INTO Customers (cusID, street, city, state, zip, cusEmail, cusFirstName, cusLastName, cusNotes, cusPhone) VALUES (10034, '690 Rosewater Ct', 'Dallas', 'TX', '75664', 'ashley.lee@hotmail.com', 'Ashley', 'Lee', '', '(264) 848-1633');
INSERT INTO Customers (cusID, street, city, state, zip, cusEmail, cusFirstName, cusLastName, cusNotes, cusPhone) VALUES (10035, '9610 Highland Blvd', 'Irving', 'TX', '76113', 'lanec123@gmail.com', 'Chris', 'Lane', '', '(271) 982-2836');
INSERT INTO Customers (cusID, street, city, state, zip, cusEmail, cusFirstName, cusLastName, cusNotes, cusPhone) VALUES (10036, '9261 Riverstone Dr', 'San Angelo', 'TX', '76084', 'emorgan@yahoo.com', 'Emma', 'Morgan', '', '(278) 634-2286');
INSERT INTO Customers (cusID, street, city, state, zip, cusEmail, cusFirstName, cusLastName, cusNotes, cusPhone) VALUES (10037, '3267 Shady Creek Dr', 'Edinburg', 'TX', '78702', 'morgan_tyler@outlook.com', 'Tyler', 'Morgan', '', '(252) 553-3304');
INSERT INTO Customers (cusID, street, city, state, zip, cusEmail, cusFirstName, cusLastName, cusNotes, cusPhone) VALUES (10038, '5377 Shadowbrook Ln', 'Allen', 'TX', '76254', 'acohen@gmail.com', 'Amelia', 'Cohen', 'Scheduled appointment', '(274) 504-5528');
INSERT INTO Customers (cusID, street, city, state, zip, cusEmail, cusFirstName, cusLastName, cusNotes, cusPhone) VALUES (10039, '6945 Riverstone Dr', 'Garland', 'TX', '77799', 'amorris@gmail.com', 'Alice', 'Morris', '', '(258) 616-9204');
INSERT INTO Customers (cusID, street, city, state, zip, cusEmail, cusFirstName, cusLastName, cusNotes, cusPhone) VALUES (10040, '7802 Broadway', 'League City', 'TX', '77373', 'brownj123@yahoo.com', 'Julia', 'Brown', '', '(224) 652-2046');
INSERT INTO Customers (cusID, street, city, state, zip, cusEmail, cusFirstName, cusLastName, cusNotes, cusPhone) VALUES (10041, '5158 Bluebell St', 'Bryan', 'TX', '76894', 'ruth.bennett@gmail.com', 'Ruth', 'Bennett', 'Traded-in a vehicle', '(268) 953-6196');
INSERT INTO Customers (cusID, street, city, state, zip, cusEmail, cusFirstName, cusLastName, cusNotes, cusPhone) VALUES (10042, '441 Main St', 'Richardson', 'TX', '77731', 'rossd123@outlook.com', 'Daniel', 'Ross', '', '(222) 573-8367');
INSERT INTO Customers (cusID, street, city, state, zip, cusEmail, cusFirstName, cusLastName, cusNotes, cusPhone) VALUES (10043, '6906 Starlight Dr', 'Blanket', 'TX', '75586', 'mharvey@gmail.com', 'Michael', 'Harvey', '', '(284) 579-7696');
INSERT INTO Customers (cusID, street, city, state, zip, cusEmail, cusFirstName, cusLastName, cusNotes, cusPhone) VALUES (10044, '940 Starlight Dr', 'Blanket', 'TX', '75854', 'walkerm123@gmail.com', 'Matthew', 'Walker', 'Call back', '(230) 987-7037');
INSERT INTO Customers (cusID, street, city, state, zip, cusEmail, cusFirstName, cusLastName, cusNotes, cusPhone) VALUES (10045, '7953 Riverstone Dr', 'Waco', 'TX', '77649', 'leew123@hotmail.com', 'William', 'Lee', '', '(247) 288-3386');
INSERT INTO Customers (cusID, street, city, state, zip, cusEmail, cusFirstName, cusLastName, cusNotes, cusPhone) VALUES (10046, '405 Elm St', 'Ennis', 'TX', '78654', 'riverac123@yahoo.com', 'Charlotte', 'Rivera', '', '(241) 545-7831');
INSERT INTO Customers (cusID, street, city, state, zip, cusEmail, cusFirstName, cusLastName, cusNotes, cusPhone) VALUES (10047, '246 West Ave', 'Grand Prairie', 'TX', '77400', 'powello123@hotmail.com', 'Olivia', 'Powell', '', '(224) 390-8554');
INSERT INTO Customers (cusID, street, city, state, zip, cusEmail, cusFirstName, cusLastName, cusNotes, cusPhone) VALUES (10048, '1487 Oakwood St', 'Arlington', 'TX', '78958', 'scottj123@hotmail.com', 'Jane', 'Scott', '', '(250) 635-6792');
INSERT INTO Customers (cusID, street, city, state, zip, cusEmail, cusFirstName, cusLastName, cusNotes, cusPhone) VALUES (10049, '902 Riverstone Dr', 'College Station', 'TX', '79170', 'young_ruth@outlook.com', 'Ruth', 'Young', '', '(284) 494-2613');
INSERT INTO Customers (cusID, street, city, state, zip, cusEmail, cusFirstName, cusLastName, cusNotes, cusPhone) VALUES (10050, '355 Cedarwood St', 'Allen', 'TX', '79656', 'white_dereck@yahoo.com', 'Dereck', 'White', '', '(279) 661-6988');
INSERT INTO Customers (cusID, street, city, state, zip, cusEmail, cusFirstName, cusLastName, cusNotes, cusPhone) VALUES (10051, '473 Starlight Dr', 'Edinburg', 'TX', '75228', 'evan.williams@outlook.com', 'Evan', 'Williams', 'Call back', '(230) 770-8871');
INSERT INTO Customers (cusID, street, city, state, zip, cusEmail, cusFirstName, cusLastName, cusNotes, cusPhone) VALUES (10052, '560 Highland Blvd', 'Laredo', 'TX', '75411', 'olivia.graham@gmail.com', 'Olivia', 'Graham', '', '(279) 822-7977');
INSERT INTO Customers (cusID, street, city, state, zip, cusEmail, cusFirstName, cusLastName, cusNotes, cusPhone) VALUES (10053, '2033 Riverstone Dr', 'Arlington', 'TX', '76653', 'mark.rodriguez@gmail.com', 'Mark', 'Rodriguez', 'Frequent buyer', '(213) 394-8759');
INSERT INTO Customers (cusID, street, city, state, zip, cusEmail, cusFirstName, cusLastName, cusNotes, cusPhone) VALUES (10054, '863 Riverstone Dr', 'McAllen', 'TX', '75715', 'santiago_gary@gmail.com', 'Gary', 'Santiago', '', '(210) 466-7124');
INSERT INTO Customers (cusID, street, city, state, zip, cusEmail, cusFirstName, cusLastName, cusNotes, cusPhone) VALUES (10055, '2102 Pine St', 'Beaumont', 'TX', '75821', 'sophia.miller@gmail.com', 'Sophia', 'Miller', '', '(231) 863-8780');
INSERT INTO Customers (cusID, street, city, state, zip, cusEmail, cusFirstName, cusLastName, cusNotes, cusPhone) VALUES (10056, '9722 West Ave', 'Edinburg', 'TX', '78538', 'thomas_mark@gmail.com', 'Mark', 'Thomas', '', '(252) 871-1154');
INSERT INTO Customers (cusID, street, city, state, zip, cusEmail, cusFirstName, cusLastName, cusNotes, cusPhone) VALUES (10057, '722 Greenbriar St', 'Ennis', 'TX', '79154', 'matthew.ortiz@gmail.com', 'Matthew', 'Ortiz', '', '(274) 652-2303');
INSERT INTO Customers (cusID, street, city, state, zip, cusEmail, cusFirstName, cusLastName, cusNotes, cusPhone) VALUES (10058, '739 Cedarwood St', 'Odessa', 'TX', '75253', 'cbennett@hotmail.com', 'Caleb', 'Bennett', 'Call back', '(221) 192-7828');
INSERT INTO Customers (cusID, street, city, state, zip, cusEmail, cusFirstName, cusLastName, cusNotes, cusPhone) VALUES (10059, '500 Driftwood Cir', 'San Antonio', 'TX', '75769', 'lnguyen@hotmail.com', 'Leo', 'Nguyen', '', '(253) 430-9154');
INSERT INTO Customers (cusID, street, city, state, zip, cusEmail, cusFirstName, cusLastName, cusNotes, cusPhone) VALUES (10060, '398 Meadowbrook St', 'Frisco', 'TX', '76744', 'walker_isabella@gmail.com', 'Isabella', 'Walker', '', '(280) 350-6331');
INSERT INTO Customers (cusID, street, city, state, zip, cusEmail, cusFirstName, cusLastName, cusNotes, cusPhone) VALUES (10061, '382 Amberwood St', 'Dallas', 'TX', '79932', 'leo.hassan@gmail.com', 'Leo', 'Hassan', 'Call back', '(284) 342-5583');
INSERT INTO Customers (cusID, street, city, state, zip, cusEmail, cusFirstName, cusLastName, cusNotes, cusPhone) VALUES (10062, '8032 First Ave', 'Irving', 'TX', '77204', 'carter_fiona@outlook.com', 'Fiona', 'Carter', '', '(236) 180-7842');
INSERT INTO Customers (cusID, street, city, state, zip, cusEmail, cusFirstName, cusLastName, cusNotes, cusPhone) VALUES (10063, '278 Golden Meadow Dr', 'Round Rock', 'TX', '77522', 'scottk123@yahoo.com', 'Karen', 'Scott', '', '(254) 825-8208');
INSERT INTO Customers (cusID, street, city, state, zip, cusEmail, cusFirstName, cusLastName, cusNotes, cusPhone) VALUES (10064, '414 First Ave', 'Odessa', 'TX', '78676', 'myersr123@yahoo.com', 'Ruth', 'Myers', '', '(284) 662-2251');
INSERT INTO Customers (cusID, street, city, state, zip, cusEmail, cusFirstName, cusLastName, cusNotes, cusPhone) VALUES (10065, '846 Second Ave', 'Sugar Land', 'TX', '79616', 'andersonc123@hotmail.com', 'Chris', 'Anderson', '', '(233) 233-7767');
INSERT INTO Customers (cusID, street, city, state, zip, cusEmail, cusFirstName, cusLastName, cusNotes, cusPhone) VALUES (10066, '3143 Redwood Ave', 'El Paso', 'TX', '78361', 'west_daniel@hotmail.com', 'Daniel', 'West', '', '(266) 964-3803');
INSERT INTO Customers (cusID, street, city, state, zip, cusEmail, cusFirstName, cusLastName, cusNotes, cusPhone) VALUES (10067, '974 Meadowbrook St', 'Houston', 'TX', '78510', 'scottc123@outlook.com', 'Charlotte', 'Scott', '', '(218) 289-9626');
INSERT INTO Customers (cusID, street, city, state, zip, cusEmail, cusFirstName, cusLastName, cusNotes, cusPhone) VALUES (10068, '696 Silverleaf Dr', 'Fort Worth', 'TX', '77270', 'gclark@hotmail.com', 'Gabriela', 'Clark', 'Traded-in a vehicle', '(264) 411-4884');
INSERT INTO Customers (cusID, street, city, state, zip, cusEmail, cusFirstName, cusLastName, cusNotes, cusPhone) VALUES (10069, '392 Starlight Dr', 'Laredo', 'TX', '79978', 'thomasc123@hotmail.com', 'Charles', 'Thomas', 'Traded-in a vehicle', '(282) 769-2290');
INSERT INTO Customers (cusID, street, city, state, zip, cusEmail, cusFirstName, cusLastName, cusNotes, cusPhone) VALUES (10070, '6258 Maple St', 'Richardson', 'TX', '76806', 'derrick.kennedy@outlook.com', 'Derrick', 'Kennedy', '', '(254) 902-2520');
INSERT INTO Customers (cusID, street, city, state, zip, cusEmail, cusFirstName, cusLastName, cusNotes, cusPhone) VALUES (10071, '6938 Park Ave', 'Round Rock', 'TX', '75725', 'fisherb123@outlook.com', 'Benjamin', 'Fisher', '', '(257) 875-7177');
INSERT INTO Customers (cusID, street, city, state, zip, cusEmail, cusFirstName, cusLastName, cusNotes, cusPhone) VALUES (10072, '992 Highland Blvd', 'San Antonio', 'TX', '79709', 'kramirez@outlook.com', 'Karen', 'Ramirez', 'Scheduled appointment', '(237) 645-9636');
INSERT INTO Customers (cusID, street, city, state, zip, cusEmail, cusFirstName, cusLastName, cusNotes, cusPhone) VALUES (10073, '3941 Cedar St', 'Houston', 'TX', '79413', 'west_delaney@outlook.com', 'Delaney', 'West', '', '(257) 343-8331');
INSERT INTO Customers (cusID, street, city, state, zip, cusEmail, cusFirstName, cusLastName, cusNotes, cusPhone) VALUES (10074, '427 Redwood Ave', 'Paris', 'TX', '79636', 'alice.morris@gmail.com', 'Alice', 'Morris', '', '(285) 959-6673');
INSERT INTO Customers (cusID, street, city, state, zip, cusEmail, cusFirstName, cusLastName, cusNotes, cusPhone) VALUES (10075, '442 Greenbriar St', 'Blanket', 'TX', '78751', 'kmorales@gmail.com', 'Karen', 'Morales', 'No notes', '(265) 987-7513');
INSERT INTO Customers (cusID, street, city, state, zip, cusEmail, cusFirstName, cusLastName, cusNotes, cusPhone) VALUES (10076, '4610 Pinewood St', 'Corpus Christi', 'TX', '78688', 'baker_sara@yahoo.com', 'Sara', 'Baker', '', '(271) 776-6908');
INSERT INTO Customers (cusID, street, city, state, zip, cusEmail, cusFirstName, cusLastName, cusNotes, cusPhone) VALUES (10077, '9459 Pinewood St', 'Richardson', 'TX', '76777', 'andersons123@yahoo.com', 'Sam', 'Anderson', '', '(272) 882-8679');
INSERT INTO Customers (cusID, street, city, state, zip, cusEmail, cusFirstName, cusLastName, cusNotes, cusPhone) VALUES (10078, '5209 Sycamore Rd', 'Austin', 'TX', '75297', 'erussell@gmail.com', 'Emma', 'Russell', 'Frequent buyer', '(258) 105-2137');
INSERT INTO Customers (cusID, street, city, state, zip, cusEmail, cusFirstName, cusLastName, cusNotes, cusPhone) VALUES (10079, '2909 Cedar St', 'Round Rock', 'TX', '75412', 'moralese123@yahoo.com', 'Elliot', 'Morales', '', '(227) 760-7625');
INSERT INTO Customers (cusID, street, city, state, zip, cusEmail, cusFirstName, cusLastName, cusNotes, cusPhone) VALUES (10080, '8856 Wildflower Ln', 'Round Rock', 'TX', '75467', 'julia.rodriguez@hotmail.com', 'Julia', 'Rodriguez', 'Frequent buyer', '(227) 575-7664');
INSERT INTO Customers (cusID, street, city, state, zip, cusEmail, cusFirstName, cusLastName, cusNotes, cusPhone) VALUES (10081, '350 Silverleaf Dr', 'Odessa', 'TX', '79594', 'cgraham@gmail.com', 'Charles', 'Graham', '', '(219) 761-9840');
INSERT INTO Customers (cusID, street, city, state, zip, cusEmail, cusFirstName, cusLastName, cusNotes, cusPhone) VALUES (10082, '7286 Oakwood St', 'Wichita Falls', 'TX', '77530', 'olivia.phillips@outlook.com', 'Olivia', 'Phillips', '', '(234) 966-3735');
INSERT INTO Customers (cusID, street, city, state, zip, cusEmail, cusFirstName, cusLastName, cusNotes, cusPhone) VALUES (10083, '1526 Sycamore Rd', 'Bryan', 'TX', '78080', 'ifoster@outlook.com', 'Isabella', 'Foster', '', '(267) 736-4577');
INSERT INTO Customers (cusID, street, city, state, zip, cusEmail, cusFirstName, cusLastName, cusNotes, cusPhone) VALUES (10084, '583 Crescent Dr', 'Edinburg', 'TX', '77946', 'smithd123@hotmail.com', 'Derrick', 'Smith', '', '(265) 298-8821');
INSERT INTO Customers (cusID, street, city, state, zip, cusEmail, cusFirstName, cusLastName, cusNotes, cusPhone) VALUES (10085, '704 Redwood Ave', 'Irving', 'TX', '78288', 'jane.brown@gmail.com', 'Jane', 'Brown', '', '(212) 778-8555');
INSERT INTO Customers (cusID, street, city, state, zip, cusEmail, cusFirstName, cusLastName, cusNotes, cusPhone) VALUES (10086, '651 Cedar St', 'Bryan', 'TX', '76056', 'gjones@hotmail.com', 'Gary', 'Jones', 'Follow-up in two weeks', '(228) 463-6300');
INSERT INTO Customers (cusID, street, city, state, zip, cusEmail, cusFirstName, cusLastName, cusNotes, cusPhone) VALUES (10087, '1565 Redwood Ave', 'Richardson', 'TX', '76189', 'laned123@yahoo.com', 'David', 'Lane', '', '(228) 738-7927');
INSERT INTO Customers (cusID, street, city, state, zip, cusEmail, cusFirstName, cusLastName, cusNotes, cusPhone) VALUES (10088, '237 Shady Creek Dr', 'Mission', 'TX', '78046', 'scoleman@hotmail.com', 'Sandra', 'Coleman', '', '(226) 634-6127');
INSERT INTO Customers (cusID, street, city, state, zip, cusEmail, cusFirstName, cusLastName, cusNotes, cusPhone) VALUES (10089, '406 Crescent Dr', 'Laredo', 'TX', '76134', 'ortizc123@outlook.com', 'Charles', 'Ortiz', 'Call back', '(275) 538-2323');
INSERT INTO Customers (cusID, street, city, state, zip, cusEmail, cusFirstName, cusLastName, cusNotes, cusPhone) VALUES (10090, '313 Pine St', 'Pearland', 'TX', '76631', 'apatel@yahoo.com', 'Amelia', 'Patel', '', '(216) 410-1888');
INSERT INTO Customers (cusID, street, city, state, zip, cusEmail, cusFirstName, cusLastName, cusNotes, cusPhone) VALUES (10091, '229 Main St', 'Fort Worth', 'TX', '78695', 'jones_derrick@hotmail.com', 'Derrick', 'Jones', '', '(213) 790-5884');
INSERT INTO Customers (cusID, street, city, state, zip, cusEmail, cusFirstName, cusLastName, cusNotes, cusPhone) VALUES (10092, '391 Park Ave', 'Paris', 'TX', '78225', 'hayesh123@hotmail.com', 'Hannah', 'Hayes', '', '(214) 719-2663');
INSERT INTO Customers (cusID, street, city, state, zip, cusEmail, cusFirstName, cusLastName, cusNotes, cusPhone) VALUES (10093, '153 Broadway', 'Allen', 'TX', '78596', 'johnsont123@outlook.com', 'Tony', 'Johnson', 'Frequent buyer', '(252) 837-8759');
INSERT INTO Customers (cusID, street, city, state, zip, cusEmail, cusFirstName, cusLastName, cusNotes, cusPhone) VALUES (10094, '4442 Elmwood St', 'El Paso', 'TX', '75835', 'moorer123@hotmail.com', 'Ruth', 'Moore', '', '(250) 805-9207');
INSERT INTO Customers (cusID, street, city, state, zip, cusEmail, cusFirstName, cusLastName, cusNotes, cusPhone) VALUES (10095, '7609 Driftwood Cir', 'McKinney', 'TX', '78729', 'jane.phillips@gmail.com', 'Jane', 'Phillips', '', '(276) 447-8655');
INSERT INTO Customers (cusID, street, city, state, zip, cusEmail, cusFirstName, cusLastName, cusNotes, cusPhone) VALUES (10096, '2122 First Ave', 'Edinburg', 'TX', '77959', 'daniel.kennedy@outlook.com', 'Daniel', 'Kennedy', '', '(267) 223-9477');
INSERT INTO Customers (cusID, street, city, state, zip, cusEmail, cusFirstName, cusLastName, cusNotes, cusPhone) VALUES (10097, '522 Pinewood St', 'Midland', 'TX', '75074', 'smith_benjamin@gmail.com', 'Benjamin', 'Smith', '', '(222) 912-6790');
INSERT INTO Customers (cusID, street, city, state, zip, cusEmail, cusFirstName, cusLastName, cusNotes, cusPhone) VALUES (10098, '682 Cedar St', 'Wichita Falls', 'TX', '75291', 'charles.reed@gmail.com', 'Charles', 'Reed', '', '(268) 328-2095');
INSERT INTO Customers (cusID, street, city, state, zip, cusEmail, cusFirstName, cusLastName, cusNotes, cusPhone) VALUES (10099, '8264 Maplewood St', 'League City', 'TX', '75384', 'nguyenr123@outlook.com', 'Ruth', 'Nguyen', '', '(260) 426-7044');
INSERT INTO Customers (cusID, street, city, state, zip, cusEmail, cusFirstName, cusLastName, cusNotes, cusPhone) VALUES (10100, '174 Sunset Cir', 'Waco', 'TX', '75102', 'baker_gabriela@yahoo.com', 'Gabriela', 'Baker', '', '(241) 450-9742');
INSERT INTO Customers (cusID, street, city, state, zip, cusEmail, cusFirstName, cusLastName, cusNotes, cusPhone) VALUES (10101, '3553 Sunset Cir', 'Midland', 'TX', '76511', 'william.lee@yahoo.com', 'William', 'Lee', '', '(239) 918-2911');
INSERT INTO Customers (cusID, street, city, state, zip, cusEmail, cusFirstName, cusLastName, cusNotes, cusPhone) VALUES (10102, '884 Crescent Dr', 'Waco', 'TX', '79875', 'sam.woods@outlook.com', 'Sam', 'Woods', 'Traded-in a vehicle', '(218) 133-6716');
INSERT INTO Customers (cusID, street, city, state, zip, cusEmail, cusFirstName, cusLastName, cusNotes, cusPhone) VALUES (10103, '1771 Highland Blvd', 'Tyler', 'TX', '78014', 'clarkd123@outlook.com', 'Diana', 'Clark', '', '(227) 416-4945');
INSERT INTO Customers (cusID, street, city, state, zip, cusEmail, cusFirstName, cusLastName, cusNotes, cusPhone) VALUES (10104, '8399 Riverstone Dr', 'Midland', 'TX', '76421', 'delaney.sanders@gmail.com', 'Delaney', 'Sanders', '', '(274) 660-3033');
INSERT INTO Customers (cusID, street, city, state, zip, cusEmail, cusFirstName, cusLastName, cusNotes, cusPhone) VALUES (10105, '4787 Broadway', 'Edinburg', 'TX', '79124', 'williamst123@gmail.com', 'Thomas', 'Williams', '', '(241) 829-7976');
INSERT INTO Customers (cusID, street, city, state, zip, cusEmail, cusFirstName, cusLastName, cusNotes, cusPhone) VALUES (10106, '165 First Ave', 'Lubbock', 'TX', '77844', 'jones_charles@hotmail.com', 'Charles', 'Jones', '', '(276) 343-7392');
INSERT INTO Customers (cusID, street, city, state, zip, cusEmail, cusFirstName, cusLastName, cusNotes, cusPhone) VALUES (10107, '429 Sunflower Ter', 'Odessa', 'TX', '76771', 'bsantiago@outlook.com', 'Benjamin', 'Santiago', '', '(270) 316-9349');
INSERT INTO Customers (cusID, street, city, state, zip, cusEmail, cusFirstName, cusLastName, cusNotes, cusPhone) VALUES (10108, '472 Starlight Dr', 'Grand Prairie', 'TX', '77256', 'ramirezc123@outlook.com', 'Caleb', 'Ramirez', '', '(230) 957-9959');
INSERT INTO Customers (cusID, street, city, state, zip, cusEmail, cusFirstName, cusLastName, cusNotes, cusPhone) VALUES (10109, '5463 Elmwood St', 'Pearland', 'TX', '75398', 'rivera_amelia@yahoo.com', 'Amelia', 'Rivera', 'Follow-up in two weeks', '(253) 673-3630');
INSERT INTO Customers (cusID, street, city, state, zip, cusEmail, cusFirstName, cusLastName, cusNotes, cusPhone) VALUES (10110, '4151 Riverview Rd', 'Denton', 'TX', '78650', 'graham_sarah@gmail.com', 'Sarah', 'Graham', 'Traded-in a vehicle', '(251) 187-1787');



INSERT INTO PriceSticker (vehicleID, capacity, color, dateOfManufacture, placeOfManufacture, deliveryDate, mileageAtDelivery, model, numCylinders, numDoors, weight, otherOptions) VALUES ('ABC101', 7, 'Other', '2023-08-11', 'USA', '2023-08-18', 44039, 'Sedan', 6, 4, 2792, 'Backup Camera, Alloy Wheels');
INSERT INTO PriceSticker (vehicleID, capacity, color, dateOfManufacture, placeOfManufacture, deliveryDate, mileageAtDelivery, model, numCylinders, numDoors, weight, otherOptions) VALUES ('ABC102', 8, 'Black', '2021-02-13', 'USA', '2021-02-27', 15780, 'Van', 8, 4, 925, 'Leather Seats');
INSERT INTO PriceSticker (vehicleID, capacity, color, dateOfManufacture, placeOfManufacture, deliveryDate, mileageAtDelivery, model, numCylinders, numDoors, weight, otherOptions) VALUES ('ABC103', 6, 'Silver', '2016-04-04', 'Italy', '2016-04-07', 78643, 'Hatchback', 10, 4, 1778, 'Heated Seats, Sunroof');
INSERT INTO PriceSticker (vehicleID, capacity, color, dateOfManufacture, placeOfManufacture, deliveryDate, mileageAtDelivery, model, numCylinders, numDoors, weight, otherOptions) VALUES ('ABC104', 8, 'Orange', '2015-04-29', 'USA', '2015-05-12', 29814, 'Hatchback', 6, 4, 1614, 'Heated Seats, Alloy Wheels, Backup Camera, Bluetooth, Navigation System, Sunroof');
INSERT INTO PriceSticker (vehicleID, capacity, color, dateOfManufacture, placeOfManufacture, deliveryDate, mileageAtDelivery, model, numCylinders, numDoors, weight, otherOptions) VALUES ('ABC105', 7, 'White', '2019-06-17', 'South Korea', '2019-07-06', 26543, 'SUV', 6, 4, 1892, 'Alloy Wheels, Navigation System, Backup Camera, Sunroof');
INSERT INTO PriceSticker (vehicleID, capacity, color, dateOfManufacture, placeOfManufacture, deliveryDate, mileageAtDelivery, model, numCylinders, numDoors, weight, otherOptions) VALUES ('ABC106', 8, 'Black', '2017-06-07', 'Germany', '2017-07-06', 88537, 'Wagon', 10, 4, 1803, 'Leather Seats, Navigation System, Sunroof, Alloy Wheels, Bluetooth');
INSERT INTO PriceSticker (vehicleID, capacity, color, dateOfManufacture, placeOfManufacture, deliveryDate, mileageAtDelivery, model, numCylinders, numDoors, weight, otherOptions) VALUES ('ABC107', 4, 'Black', '2019-09-29', 'Italy', '2019-10-28', 78168, 'Wagon', 12, 4, 1199, 'Alloy Wheels, Backup Camera, Bluetooth, Leather Seats, Heated Seats, Sunroof, Navigation System');
INSERT INTO PriceSticker (vehicleID, capacity, color, dateOfManufacture, placeOfManufacture, deliveryDate, mileageAtDelivery, model, numCylinders, numDoors, weight, otherOptions) VALUES ('ABC108', 5, 'Silver', '2023-04-21', 'France', '2023-04-22', 19021, 'Wagon', 8, 4, 1538, 'Alloy Wheels');
INSERT INTO PriceSticker (vehicleID, capacity, color, dateOfManufacture, placeOfManufacture, deliveryDate, mileageAtDelivery, model, numCylinders, numDoors, weight, otherOptions) VALUES ('ABC109', 6, 'Blue', '2020-08-05', 'Germany', '2020-08-09', 62295, 'SUV', 10, 4, 1119, 'Alloy Wheels, Bluetooth, Navigation System, Leather Seats');
INSERT INTO PriceSticker (vehicleID, capacity, color, dateOfManufacture, placeOfManufacture, deliveryDate, mileageAtDelivery, model, numCylinders, numDoors, weight, otherOptions) VALUES ('ABC110', 4, 'Blue', '2019-08-22', 'Italy', '2019-09-09', 98910, 'Hatchback', 10, 4, 2153, 'Navigation System, Bluetooth, Alloy Wheels');
INSERT INTO PriceSticker (vehicleID, capacity, color, dateOfManufacture, placeOfManufacture, deliveryDate, mileageAtDelivery, model, numCylinders, numDoors, weight, otherOptions) VALUES ('ABC111', 5, 'White', '2020-06-04', 'South Korea', '2020-06-24', 66427, 'Van', 6, 4, 984, 'Leather Seats, Alloy Wheels');
INSERT INTO PriceSticker (vehicleID, capacity, color, dateOfManufacture, placeOfManufacture, deliveryDate, mileageAtDelivery, model, numCylinders, numDoors, weight, otherOptions) VALUES ('ABC112', 6, 'Black', '2016-01-18', 'Italy', '2016-02-09', 23642, 'Coupe', 10, 2, 3081, 'Bluetooth, Navigation System');
INSERT INTO PriceSticker (vehicleID, capacity, color, dateOfManufacture, placeOfManufacture, deliveryDate, mileageAtDelivery, model, numCylinders, numDoors, weight, otherOptions) VALUES ('ABC113', 5, 'Gray', '2019-06-12', 'South Korea', '2019-07-03', 6955, 'Sedan', 8, 4, 2246, 'Alloy Wheels, Sunroof, Leather Seats, Bluetooth, Navigation System');
INSERT INTO PriceSticker (vehicleID, capacity, color, dateOfManufacture, placeOfManufacture, deliveryDate, mileageAtDelivery, model, numCylinders, numDoors, weight, otherOptions) VALUES ('ABC114', 7, 'Red', '2016-05-24', 'Germany', '2016-06-20', 1962, 'Coupe', 6, 2, 1974, 'Bluetooth, Backup Camera');
INSERT INTO PriceSticker (vehicleID, capacity, color, dateOfManufacture, placeOfManufacture, deliveryDate, mileageAtDelivery, model, numCylinders, numDoors, weight, otherOptions) VALUES ('ABC115', 6, 'Silver', '2015-02-07', 'USA', '2015-02-24', 31013, 'Wagon', 6, 4, 2170, 'Navigation System, Sunroof');
INSERT INTO PriceSticker (vehicleID, capacity, color, dateOfManufacture, placeOfManufacture, deliveryDate, mileageAtDelivery, model, numCylinders, numDoors, weight, otherOptions) VALUES ('ABC116', 5, 'Blue', '2023-02-09', 'Japan', '2023-02-15', 93607, 'Pickup', 12, 4, 1925, 'Leather Seats, Sunroof, Alloy Wheels');
INSERT INTO PriceSticker (vehicleID, capacity, color, dateOfManufacture, placeOfManufacture, deliveryDate, mileageAtDelivery, model, numCylinders, numDoors, weight, otherOptions) VALUES ('ABC117', 5, 'Yellow', '2016-11-15', 'Germany', '2016-12-03', 30270, 'Hatchback', 12, 4, 2352, 'Leather Seats');
INSERT INTO PriceSticker (vehicleID, capacity, color, dateOfManufacture, placeOfManufacture, deliveryDate, mileageAtDelivery, model, numCylinders, numDoors, weight, otherOptions) VALUES ('ABC118', 5, 'Orange', '2018-11-07', 'Germany', '2018-11-14', 66692, 'Coupe', 12, 2, 1919, 'Bluetooth');
INSERT INTO PriceSticker (vehicleID, capacity, color, dateOfManufacture, placeOfManufacture, deliveryDate, mileageAtDelivery, model, numCylinders, numDoors, weight, otherOptions) VALUES ('ABC119', 6, 'Gray', '2022-03-20', 'USA', '2022-04-17', 66609, 'Hatchback', 10, 4, 2288, 'Sunroof');
INSERT INTO PriceSticker (vehicleID, capacity, color, dateOfManufacture, placeOfManufacture, deliveryDate, mileageAtDelivery, model, numCylinders, numDoors, weight, otherOptions) VALUES ('ABC120', 5, 'Gray', '2019-01-22', 'France', '2019-02-14', 54342, 'Coupe', 4, 4, 2354, 'Leather Seats, Sunroof, Navigation System');
INSERT INTO PriceSticker (vehicleID, capacity, color, dateOfManufacture, placeOfManufacture, deliveryDate, mileageAtDelivery, model, numCylinders, numDoors, weight, otherOptions) VALUES ('ABC121', 5, 'Orange', '2019-12-05', 'Italy', '2019-12-08', 76470, 'Coupe', 4, 4, 2482, 'Heated Seats, Navigation System, Backup Camera, Sunroof, Bluetooth, Leather Seats');
INSERT INTO PriceSticker (vehicleID, capacity, color, dateOfManufacture, placeOfManufacture, deliveryDate, mileageAtDelivery, model, numCylinders, numDoors, weight, otherOptions) VALUES ('ABC122', 5, 'Orange', '2023-08-20', 'South Korea', '2023-08-23', 74269, 'Coupe', 10, 2, 1060, 'Backup Camera, Heated Seats, Leather Seats');
INSERT INTO PriceSticker (vehicleID, capacity, color, dateOfManufacture, placeOfManufacture, deliveryDate, mileageAtDelivery, model, numCylinders, numDoors, weight, otherOptions) VALUES ('ABC123', 6, 'White', '2015-02-19', 'Germany', '2015-03-06', 48841, 'Pickup', 10, 4, 2668, 'Backup Camera, Navigation System, Heated Seats, Alloy Wheels, Bluetooth, Sunroof');
INSERT INTO PriceSticker (vehicleID, capacity, color, dateOfManufacture, placeOfManufacture, deliveryDate, mileageAtDelivery, model, numCylinders, numDoors, weight, otherOptions) VALUES ('ABC124', 7, 'Yellow', '2019-01-25', 'USA', '2019-01-30', 52574, 'Wagon', 4, 4, 2178, 'Bluetooth, Navigation System, Backup Camera, Heated Seats');
INSERT INTO PriceSticker (vehicleID, capacity, color, dateOfManufacture, placeOfManufacture, deliveryDate, mileageAtDelivery, model, numCylinders, numDoors, weight, otherOptions) VALUES ('ABC125', 7, 'White', '2022-05-25', 'Italy', '2022-06-03', 90737, 'Convertible', 4, 2, 2578, 'Leather Seats, Bluetooth, Heated Seats, Sunroof, Backup Camera, Navigation System');
INSERT INTO PriceSticker (vehicleID, capacity, color, dateOfManufacture, placeOfManufacture, deliveryDate, mileageAtDelivery, model, numCylinders, numDoors, weight, otherOptions) VALUES ('ABC126', 5, 'Red', '2022-10-12', 'Italy', '2022-11-05', 13171, 'Coupe', 10, 4, 1625, 'Leather Seats, Navigation System, Backup Camera, Heated Seats, Alloy Wheels');
INSERT INTO PriceSticker (vehicleID, capacity, color, dateOfManufacture, placeOfManufacture, deliveryDate, mileageAtDelivery, model, numCylinders, numDoors, weight, otherOptions) VALUES ('ABC127', 8, 'Black', '2022-09-27', 'Italy', '2022-10-01', 27928, 'Pickup', 12, 4, 1425, 'Leather Seats, Bluetooth, Alloy Wheels');
INSERT INTO PriceSticker (vehicleID, capacity, color, dateOfManufacture, placeOfManufacture, deliveryDate, mileageAtDelivery, model, numCylinders, numDoors, weight, otherOptions) VALUES ('ABC128', 6, 'Brown', '2019-04-11', 'France', '2019-05-09', 41901, 'SUV', 6, 4, 804, 'Heated Seats, Bluetooth, Alloy Wheels, Leather Seats, Navigation System, Backup Camera, Sunroof');
INSERT INTO PriceSticker (vehicleID, capacity, color, dateOfManufacture, placeOfManufacture, deliveryDate, mileageAtDelivery, model, numCylinders, numDoors, weight, otherOptions) VALUES ('ABC129', 4, 'Orange', '2014-11-13', 'Germany', '2014-12-07', 25634, 'Van', 8, 4, 2279, 'Backup Camera, Bluetooth, Alloy Wheels, Heated Seats');
INSERT INTO PriceSticker (vehicleID, capacity, color, dateOfManufacture, placeOfManufacture, deliveryDate, mileageAtDelivery, model, numCylinders, numDoors, weight, otherOptions) VALUES ('ABC130', 5, 'Other', '2016-12-09', 'Germany', '2017-01-07', 49719, 'Van', 8, 4, 3425, 'Alloy Wheels, Sunroof, Backup Camera, Bluetooth, Navigation System');
INSERT INTO PriceSticker (vehicleID, capacity, color, dateOfManufacture, placeOfManufacture, deliveryDate, mileageAtDelivery, model, numCylinders, numDoors, weight, otherOptions) VALUES ('ABC131', 4, 'White', '2015-07-23', 'USA', '2015-08-01', 94976, 'SUV', 4, 4, 2916, 'Leather Seats, Backup Camera, Bluetooth');
INSERT INTO PriceSticker (vehicleID, capacity, color, dateOfManufacture, placeOfManufacture, deliveryDate, mileageAtDelivery, model, numCylinders, numDoors, weight, otherOptions) VALUES ('ABC132', 4, 'Red', '2023-05-19', 'Italy', '2023-05-28', 46632, 'Hatchback', 4, 4, 2259, 'Bluetooth, Navigation System, Leather Seats, Backup Camera');
INSERT INTO PriceSticker (vehicleID, capacity, color, dateOfManufacture, placeOfManufacture, deliveryDate, mileageAtDelivery, model, numCylinders, numDoors, weight, otherOptions) VALUES ('ABC133', 8, 'Gray', '2018-02-11', 'France', '2018-03-04', 701, 'Van', 8, 4, 2331, 'Leather Seats, Heated Seats, Bluetooth, Sunroof, Navigation System, Backup Camera');
INSERT INTO PriceSticker (vehicleID, capacity, color, dateOfManufacture, placeOfManufacture, deliveryDate, mileageAtDelivery, model, numCylinders, numDoors, weight, otherOptions) VALUES ('ABC134', 8, 'Brown', '2016-12-18', 'South Korea', '2016-12-28', 36524, 'Coupe', 12, 2, 977, 'Alloy Wheels, Heated Seats, Leather Seats');
INSERT INTO PriceSticker (vehicleID, capacity, color, dateOfManufacture, placeOfManufacture, deliveryDate, mileageAtDelivery, model, numCylinders, numDoors, weight, otherOptions) VALUES ('ABC135', 4, 'Blue', '2016-07-27', 'France', '2016-08-24', 62873, 'Convertible', 4, 4, 2747, 'Backup Camera, Alloy Wheels');
INSERT INTO PriceSticker (vehicleID, capacity, color, dateOfManufacture, placeOfManufacture, deliveryDate, mileageAtDelivery, model, numCylinders, numDoors, weight, otherOptions) VALUES ('ABC136', 6, 'White', '2018-07-02', 'USA', '2018-07-18', 9215, 'Sedan', 12, 4, 2751, 'Backup Camera, Bluetooth, Sunroof, Alloy Wheels, Navigation System, Heated Seats, Leather Seats');
INSERT INTO PriceSticker (vehicleID, capacity, color, dateOfManufacture, placeOfManufacture, deliveryDate, mileageAtDelivery, model, numCylinders, numDoors, weight, otherOptions) VALUES ('ABC137', 6, 'Orange', '2015-11-03', 'Germany', '2015-11-13', 26339, 'Van', 6, 4, 1227, 'Sunroof, Backup Camera, Leather Seats');
INSERT INTO PriceSticker (vehicleID, capacity, color, dateOfManufacture, placeOfManufacture, deliveryDate, mileageAtDelivery, model, numCylinders, numDoors, weight, otherOptions) VALUES ('ABC138', 6, 'Brown', '2021-10-22', 'Italy', '2021-11-10', 97298, 'Pickup', 8, 4, 2480, 'Sunroof, Backup Camera, Bluetooth, Alloy Wheels');
INSERT INTO PriceSticker (vehicleID, capacity, color, dateOfManufacture, placeOfManufacture, deliveryDate, mileageAtDelivery, model, numCylinders, numDoors, weight, otherOptions) VALUES ('ABC139', 6, 'Other', '2022-02-23', 'Germany', '2022-03-03', 75824, 'SUV', 12, 4, 3446, 'Sunroof, Heated Seats');
INSERT INTO PriceSticker (vehicleID, capacity, color, dateOfManufacture, placeOfManufacture, deliveryDate, mileageAtDelivery, model, numCylinders, numDoors, weight, otherOptions) VALUES ('ABC140', 6, 'Silver', '2020-02-06', 'South Korea', '2020-02-21', 26691, 'Hatchback', 12, 4, 1740, 'Navigation System, Heated Seats, Sunroof, Alloy Wheels, Leather Seats');
INSERT INTO PriceSticker (vehicleID, capacity, color, dateOfManufacture, placeOfManufacture, deliveryDate, mileageAtDelivery, model, numCylinders, numDoors, weight, otherOptions) VALUES ('ABC141', 6, 'Other', '2019-08-09', 'Italy', '2019-09-02', 88962, 'SUV', 12, 4, 3413, 'Sunroof, Backup Camera, Leather Seats, Alloy Wheels');
INSERT INTO PriceSticker (vehicleID, capacity, color, dateOfManufacture, placeOfManufacture, deliveryDate, mileageAtDelivery, model, numCylinders, numDoors, weight, otherOptions) VALUES ('ABC142', 6, 'Brown', '2022-06-12', 'USA', '2022-07-07', 5390, 'Convertible', 12, 4, 2431, 'Alloy Wheels, Backup Camera, Bluetooth, Heated Seats, Sunroof, Navigation System, Leather Seats');
INSERT INTO PriceSticker (vehicleID, capacity, color, dateOfManufacture, placeOfManufacture, deliveryDate, mileageAtDelivery, model, numCylinders, numDoors, weight, otherOptions) VALUES ('ABC143', 4, 'Gray', '2021-12-17', 'Japan', '2021-12-20', 33263, 'Wagon', 12, 4, 1231, 'Navigation System, Leather Seats, Backup Camera, Heated Seats, Alloy Wheels, Bluetooth');
INSERT INTO PriceSticker (vehicleID, capacity, color, dateOfManufacture, placeOfManufacture, deliveryDate, mileageAtDelivery, model, numCylinders, numDoors, weight, otherOptions) VALUES ('ABC144', 7, 'Other', '2015-09-09', 'Japan', '2015-09-17', 24719, 'Wagon', 6, 4, 3397, 'Bluetooth, Sunroof');
INSERT INTO PriceSticker (vehicleID, capacity, color, dateOfManufacture, placeOfManufacture, deliveryDate, mileageAtDelivery, model, numCylinders, numDoors, weight, otherOptions) VALUES ('ABC145', 8, 'White', '2022-06-03', 'USA', '2022-06-15', 4790, 'SUV', 10, 4, 1103, 'Alloy Wheels, Heated Seats, Backup Camera, Bluetooth, Sunroof, Leather Seats');
INSERT INTO PriceSticker (vehicleID, capacity, color, dateOfManufacture, placeOfManufacture, deliveryDate, mileageAtDelivery, model, numCylinders, numDoors, weight, otherOptions) VALUES ('ABC146', 8, 'Other', '2018-12-25', 'South Korea', '2019-01-10', 22503, 'Convertible', 4, 2, 2904, 'Backup Camera, Bluetooth, Navigation System');
INSERT INTO PriceSticker (vehicleID, capacity, color, dateOfManufacture, placeOfManufacture, deliveryDate, mileageAtDelivery, model, numCylinders, numDoors, weight, otherOptions) VALUES ('ABC147', 4, 'Orange', '2015-12-04', 'Italy', '2015-12-18', 78506, 'Van', 8, 4, 2930, 'Bluetooth, Backup Camera, Navigation System, Leather Seats');
INSERT INTO PriceSticker (vehicleID, capacity, color, dateOfManufacture, placeOfManufacture, deliveryDate, mileageAtDelivery, model, numCylinders, numDoors, weight, otherOptions) VALUES ('ABC148', 6, 'Orange', '2023-03-17', 'South Korea', '2023-03-26', 65160, 'Sedan', 4, 4, 2846, 'Alloy Wheels, Heated Seats, Bluetooth, Leather Seats, Backup Camera, Navigation System');
INSERT INTO PriceSticker (vehicleID, capacity, color, dateOfManufacture, placeOfManufacture, deliveryDate, mileageAtDelivery, model, numCylinders, numDoors, weight, otherOptions) VALUES ('ABC149', 6, 'Blue', '2018-01-05', 'Germany', '2018-01-13', 9449, 'Pickup', 10, 4, 1746, 'Sunroof');
INSERT INTO PriceSticker (vehicleID, capacity, color, dateOfManufacture, placeOfManufacture, deliveryDate, mileageAtDelivery, model, numCylinders, numDoors, weight, otherOptions) VALUES ('ABC150', 5, 'Blue', '2015-07-27', 'Germany', '2015-08-02', 93502, 'Hatchback', 4, 4, 3486, 'Heated Seats, Leather Seats, Alloy Wheels, Backup Camera, Navigation System, Bluetooth, Sunroof');
INSERT INTO PriceSticker (vehicleID, capacity, color, dateOfManufacture, placeOfManufacture, deliveryDate, mileageAtDelivery, model, numCylinders, numDoors, weight, otherOptions) VALUES ('ABC151', 4, 'Yellow', '2020-02-06', 'Italy', '2020-03-01', 6726, 'Wagon', 6, 4, 2800, 'Navigation System, Heated Seats');
INSERT INTO PriceSticker (vehicleID, capacity, color, dateOfManufacture, placeOfManufacture, deliveryDate, mileageAtDelivery, model, numCylinders, numDoors, weight, otherOptions) VALUES ('ABC152', 7, 'White', '2022-06-30', 'Italy', '2022-07-03', 40236, 'Coupe', 12, 2, 2479, 'Sunroof, Navigation System, Leather Seats');
INSERT INTO PriceSticker (vehicleID, capacity, color, dateOfManufacture, placeOfManufacture, deliveryDate, mileageAtDelivery, model, numCylinders, numDoors, weight, otherOptions) VALUES ('ABC153', 6, 'Other', '2017-07-29', 'Germany', '2017-08-16', 55574, 'Wagon', 8, 4, 1112, 'Backup Camera, Heated Seats, Alloy Wheels, Leather Seats, Navigation System');
INSERT INTO PriceSticker (vehicleID, capacity, color, dateOfManufacture, placeOfManufacture, deliveryDate, mileageAtDelivery, model, numCylinders, numDoors, weight, otherOptions) VALUES ('ABC154', 4, 'Blue', '2022-06-12', 'Italy', '2022-06-14', 83618, 'Sedan', 4, 4, 2347, 'Navigation System, Heated Seats, Alloy Wheels, Bluetooth');
INSERT INTO PriceSticker (vehicleID, capacity, color, dateOfManufacture, placeOfManufacture, deliveryDate, mileageAtDelivery, model, numCylinders, numDoors, weight, otherOptions) VALUES ('ABC155', 4, 'Black', '2022-06-08', 'France', '2022-06-28', 53531, 'Wagon', 8, 4, 854, 'Heated Seats, Alloy Wheels, Backup Camera, Sunroof, Bluetooth');
INSERT INTO PriceSticker (vehicleID, capacity, color, dateOfManufacture, placeOfManufacture, deliveryDate, mileageAtDelivery, model, numCylinders, numDoors, weight, otherOptions) VALUES ('ABC156', 7, 'Yellow', '2022-03-13', 'Germany', '2022-04-04', 33087, 'Pickup', 8, 4, 1043, 'Leather Seats, Heated Seats');
INSERT INTO PriceSticker (vehicleID, capacity, color, dateOfManufacture, placeOfManufacture, deliveryDate, mileageAtDelivery, model, numCylinders, numDoors, weight, otherOptions) VALUES ('ABC157', 6, 'Other', '2022-11-02', 'Japan', '2022-11-23', 1205, 'Pickup', 12, 4, 2042, 'Backup Camera, Alloy Wheels, Heated Seats, Sunroof, Navigation System, Bluetooth');
INSERT INTO PriceSticker (vehicleID, capacity, color, dateOfManufacture, placeOfManufacture, deliveryDate, mileageAtDelivery, model, numCylinders, numDoors, weight, otherOptions) VALUES ('ABC158', 6, 'Green', '2020-06-30', 'South Korea', '2020-07-29', 71252, 'Coupe', 12, 4, 1877, 'Bluetooth, Heated Seats, Navigation System, Backup Camera, Leather Seats, Alloy Wheels');
INSERT INTO PriceSticker (vehicleID, capacity, color, dateOfManufacture, placeOfManufacture, deliveryDate, mileageAtDelivery, model, numCylinders, numDoors, weight, otherOptions) VALUES ('ABC159', 5, 'Green', '2018-08-28', 'Japan', '2018-09-06', 39985, 'Van', 10, 4, 1009, 'Navigation System');
INSERT INTO PriceSticker (vehicleID, capacity, color, dateOfManufacture, placeOfManufacture, deliveryDate, mileageAtDelivery, model, numCylinders, numDoors, weight, otherOptions) VALUES ('ABC160', 6, 'Gray', '2024-05-30', 'South Korea', '2024-06-11', 56873, 'Sedan', 10, 4, 1738, 'Bluetooth, Alloy Wheels, Heated Seats, Navigation System, Leather Seats, Sunroof');
INSERT INTO PriceSticker (vehicleID, capacity, color, dateOfManufacture, placeOfManufacture, deliveryDate, mileageAtDelivery, model, numCylinders, numDoors, weight, otherOptions) VALUES ('ABC161', 4, 'Other', '2019-10-11', 'France', '2019-10-18', 68755, 'Pickup', 6, 4, 3157, 'Alloy Wheels, Leather Seats, Navigation System, Sunroof, Backup Camera');
INSERT INTO PriceSticker (vehicleID, capacity, color, dateOfManufacture, placeOfManufacture, deliveryDate, mileageAtDelivery, model, numCylinders, numDoors, weight, otherOptions) VALUES ('ABC162', 5, 'Other', '2021-06-23', 'Italy', '2021-07-09', 69387, 'Coupe', 12, 4, 1855, 'Sunroof, Alloy Wheels, Heated Seats, Bluetooth');
INSERT INTO PriceSticker (vehicleID, capacity, color, dateOfManufacture, placeOfManufacture, deliveryDate, mileageAtDelivery, model, numCylinders, numDoors, weight, otherOptions) VALUES ('ABC163', 7, 'Red', '2020-10-28', 'USA', '2020-11-14', 77443, 'Coupe', 6, 2, 1042, 'Sunroof, Leather Seats, Navigation System');
INSERT INTO PriceSticker (vehicleID, capacity, color, dateOfManufacture, placeOfManufacture, deliveryDate, mileageAtDelivery, model, numCylinders, numDoors, weight, otherOptions) VALUES ('ABC164', 8, 'Orange', '2019-02-01', 'USA', '2019-02-25', 33945, 'Van', 6, 4, 3353, 'Navigation System, Sunroof, Alloy Wheels, Bluetooth');
INSERT INTO PriceSticker (vehicleID, capacity, color, dateOfManufacture, placeOfManufacture, deliveryDate, mileageAtDelivery, model, numCylinders, numDoors, weight, otherOptions) VALUES ('ABC165', 7, 'White', '2020-09-28', 'France', '2020-10-10', 18410, 'Hatchback', 6, 4, 3006, 'Bluetooth, Navigation System, Heated Seats, Leather Seats, Sunroof, Backup Camera, Alloy Wheels');
INSERT INTO PriceSticker (vehicleID, capacity, color, dateOfManufacture, placeOfManufacture, deliveryDate, mileageAtDelivery, model, numCylinders, numDoors, weight, otherOptions) VALUES ('ABC166', 6, 'Yellow', '2016-05-07', 'Germany', '2016-05-08', 50694, 'Pickup', 4, 4, 1887, 'Navigation System, Bluetooth, Heated Seats, Alloy Wheels, Backup Camera');
INSERT INTO PriceSticker (vehicleID, capacity, color, dateOfManufacture, placeOfManufacture, deliveryDate, mileageAtDelivery, model, numCylinders, numDoors, weight, otherOptions) VALUES ('ABC167', 5, 'Brown', '2022-09-09', 'USA', '2022-09-15', 31527, 'Convertible', 6, 2, 830, 'Sunroof, Alloy Wheels, Heated Seats, Navigation System');
INSERT INTO PriceSticker (vehicleID, capacity, color, dateOfManufacture, placeOfManufacture, deliveryDate, mileageAtDelivery, model, numCylinders, numDoors, weight, otherOptions) VALUES ('ABC168', 5, 'Red', '2023-08-04', 'Italy', '2023-08-17', 47450, 'Convertible', 4, 4, 1093, 'Leather Seats, Alloy Wheels, Bluetooth, Navigation System');
INSERT INTO PriceSticker (vehicleID, capacity, color, dateOfManufacture, placeOfManufacture, deliveryDate, mileageAtDelivery, model, numCylinders, numDoors, weight, otherOptions) VALUES ('ABC169', 5, 'Orange', '2019-03-27', 'South Korea', '2019-04-24', 90229, 'Coupe', 4, 2, 1015, 'Backup Camera, Navigation System');
INSERT INTO PriceSticker (vehicleID, capacity, color, dateOfManufacture, placeOfManufacture, deliveryDate, mileageAtDelivery, model, numCylinders, numDoors, weight, otherOptions) VALUES ('ABC170', 8, 'White', '2017-09-12', 'Germany', '2017-09-26', 90903, 'Coupe', 10, 4, 1418, 'Navigation System');
INSERT INTO PriceSticker (vehicleID, capacity, color, dateOfManufacture, placeOfManufacture, deliveryDate, mileageAtDelivery, model, numCylinders, numDoors, weight, otherOptions) VALUES ('ABC171', 7, 'Blue', '2022-02-04', 'France', '2022-02-12', 74828, 'Wagon', 12, 4, 1796, 'Alloy Wheels, Navigation System, Heated Seats, Leather Seats, Backup Camera, Bluetooth, Sunroof');
INSERT INTO PriceSticker (vehicleID, capacity, color, dateOfManufacture, placeOfManufacture, deliveryDate, mileageAtDelivery, model, numCylinders, numDoors, weight, otherOptions) VALUES ('ABC172', 7, 'Other', '2022-09-06', 'USA', '2022-09-13', 83707, 'Pickup', 12, 4, 2208, 'Navigation System, Leather Seats, Alloy Wheels, Backup Camera');
INSERT INTO PriceSticker (vehicleID, capacity, color, dateOfManufacture, placeOfManufacture, deliveryDate, mileageAtDelivery, model, numCylinders, numDoors, weight, otherOptions) VALUES ('ABC173', 5, 'White', '2020-06-23', 'South Korea', '2020-07-09', 55360, 'Van', 10, 4, 3194, 'Navigation System, Alloy Wheels, Leather Seats, Heated Seats');
INSERT INTO PriceSticker (vehicleID, capacity, color, dateOfManufacture, placeOfManufacture, deliveryDate, mileageAtDelivery, model, numCylinders, numDoors, weight, otherOptions) VALUES ('ABC174', 5, 'Orange', '2019-05-01', 'South Korea', '2019-05-08', 97525, 'Van', 10, 4, 2298, 'Backup Camera, Alloy Wheels, Navigation System, Sunroof');
INSERT INTO PriceSticker (vehicleID, capacity, color, dateOfManufacture, placeOfManufacture, deliveryDate, mileageAtDelivery, model, numCylinders, numDoors, weight, otherOptions) VALUES ('ABC175', 5, 'Other', '2022-08-13', 'Japan', '2022-09-01', 46338, 'Wagon', 12, 4, 1637, 'Heated Seats, Leather Seats, Bluetooth');
INSERT INTO PriceSticker (vehicleID, capacity, color, dateOfManufacture, placeOfManufacture, deliveryDate, mileageAtDelivery, model, numCylinders, numDoors, weight, otherOptions) VALUES ('ABC176', 4, 'Orange', '2015-05-17', 'Germany', '2015-05-30', 5160, 'Van', 8, 4, 1492, 'Sunroof, Heated Seats');
INSERT INTO PriceSticker (vehicleID, capacity, color, dateOfManufacture, placeOfManufacture, deliveryDate, mileageAtDelivery, model, numCylinders, numDoors, weight, otherOptions) VALUES ('ABC177', 7, 'Orange', '2023-09-12', 'South Korea', '2023-09-22', 55927, 'Van', 10, 4, 3326, 'Heated Seats, Sunroof, Backup Camera');
INSERT INTO PriceSticker (vehicleID, capacity, color, dateOfManufacture, placeOfManufacture, deliveryDate, mileageAtDelivery, model, numCylinders, numDoors, weight, otherOptions) VALUES ('ABC178', 6, 'Gray', '2015-03-22', 'USA', '2015-03-28', 1713, 'Wagon', 8, 4, 3284, 'Heated Seats, Sunroof, Backup Camera');
INSERT INTO PriceSticker (vehicleID, capacity, color, dateOfManufacture, placeOfManufacture, deliveryDate, mileageAtDelivery, model, numCylinders, numDoors, weight, otherOptions) VALUES ('ABC179', 7, 'Yellow', '2023-08-06', 'Germany', '2023-08-24', 91386, 'Convertible', 10, 2, 2175, 'Backup Camera');
INSERT INTO PriceSticker (vehicleID, capacity, color, dateOfManufacture, placeOfManufacture, deliveryDate, mileageAtDelivery, model, numCylinders, numDoors, weight, otherOptions) VALUES ('ABC180', 7, 'Orange', '2023-12-15', 'South Korea', '2024-01-14', 60599, 'Hatchback', 8, 4, 1484, 'Sunroof, Bluetooth, Leather Seats');
INSERT INTO PriceSticker (vehicleID, capacity, color, dateOfManufacture, placeOfManufacture, deliveryDate, mileageAtDelivery, model, numCylinders, numDoors, weight, otherOptions) VALUES ('ABC181', 7, 'White', '2019-01-02', 'Japan', '2019-01-16', 37323, 'Wagon', 4, 4, 2467, 'Leather Seats, Navigation System, Backup Camera, Sunroof, Bluetooth');
INSERT INTO PriceSticker (vehicleID, capacity, color, dateOfManufacture, placeOfManufacture, deliveryDate, mileageAtDelivery, model, numCylinders, numDoors, weight, otherOptions) VALUES ('ABC182', 6, 'Yellow', '2023-08-02', 'South Korea', '2023-08-30', 71959, 'Hatchback', 12, 4, 3463, 'Navigation System, Backup Camera');
INSERT INTO PriceSticker (vehicleID, capacity, color, dateOfManufacture, placeOfManufacture, deliveryDate, mileageAtDelivery, model, numCylinders, numDoors, weight, otherOptions) VALUES ('ABC183', 4, 'Brown', '2015-04-20', 'France', '2015-05-11', 60334, 'Van', 4, 4, 1138, 'Heated Seats, Sunroof');
INSERT INTO PriceSticker (vehicleID, capacity, color, dateOfManufacture, placeOfManufacture, deliveryDate, mileageAtDelivery, model, numCylinders, numDoors, weight, otherOptions) VALUES ('ABC184', 6, 'Red', '2023-07-27', 'Germany', '2023-07-28', 18383, 'Sedan', 8, 4, 1221, 'Bluetooth');
INSERT INTO PriceSticker (vehicleID, capacity, color, dateOfManufacture, placeOfManufacture, deliveryDate, mileageAtDelivery, model, numCylinders, numDoors, weight, otherOptions) VALUES ('ABC185', 5, 'Blue', '2017-02-24', 'Japan', '2017-03-16', 88750, 'Wagon', 8, 4, 2436, 'Leather Seats, Alloy Wheels, Navigation System, Backup Camera');
INSERT INTO PriceSticker (vehicleID, capacity, color, dateOfManufacture, placeOfManufacture, deliveryDate, mileageAtDelivery, model, numCylinders, numDoors, weight, otherOptions) VALUES ('ABC186', 6, 'Yellow', '2017-04-21', 'South Korea', '2017-05-12', 81379, 'Sedan', 10, 4, 2993, 'Heated Seats, Bluetooth, Navigation System, Alloy Wheels');
INSERT INTO PriceSticker (vehicleID, capacity, color, dateOfManufacture, placeOfManufacture, deliveryDate, mileageAtDelivery, model, numCylinders, numDoors, weight, otherOptions) VALUES ('ABC187', 4, 'Other', '2016-04-13', 'South Korea', '2016-05-11', 63287, 'Van', 12, 4, 2174, 'Navigation System, Alloy Wheels, Sunroof');
INSERT INTO PriceSticker (vehicleID, capacity, color, dateOfManufacture, placeOfManufacture, deliveryDate, mileageAtDelivery, model, numCylinders, numDoors, weight, otherOptions) VALUES ('ABC188', 8, 'Red', '2024-05-31', 'France', '2024-06-12', 54503, 'Sedan', 12, 4, 2887, 'Leather Seats, Backup Camera, Alloy Wheels, Navigation System, Heated Seats, Bluetooth');
INSERT INTO PriceSticker (vehicleID, capacity, color, dateOfManufacture, placeOfManufacture, deliveryDate, mileageAtDelivery, model, numCylinders, numDoors, weight, otherOptions) VALUES ('ABC189', 8, 'Blue', '2017-12-25', 'Italy', '2018-01-11', 25241, 'Convertible', 8, 2, 3092, 'Leather Seats');
INSERT INTO PriceSticker (vehicleID, capacity, color, dateOfManufacture, placeOfManufacture, deliveryDate, mileageAtDelivery, model, numCylinders, numDoors, weight, otherOptions) VALUES ('ABC190', 6, 'Red', '2021-06-05', 'Japan', '2021-06-11', 98490, 'Wagon', 10, 4, 1174, 'Leather Seats, Navigation System, Alloy Wheels, Heated Seats');
INSERT INTO PriceSticker (vehicleID, capacity, color, dateOfManufacture, placeOfManufacture, deliveryDate, mileageAtDelivery, model, numCylinders, numDoors, weight, otherOptions) VALUES ('ABC191', 8, 'Black', '2019-07-05', 'France', '2019-07-19', 57185, 'Convertible', 8, 2, 2610, 'Sunroof, Navigation System, Alloy Wheels, Bluetooth, Leather Seats, Heated Seats');
INSERT INTO PriceSticker (vehicleID, capacity, color, dateOfManufacture, placeOfManufacture, deliveryDate, mileageAtDelivery, model, numCylinders, numDoors, weight, otherOptions) VALUES ('ABC192', 5, 'Brown', '2023-03-19', 'USA', '2023-04-14', 28692, 'Convertible', 12, 4, 2048, 'Bluetooth, Alloy Wheels, Leather Seats, Backup Camera, Navigation System');
INSERT INTO PriceSticker (vehicleID, capacity, color, dateOfManufacture, placeOfManufacture, deliveryDate, mileageAtDelivery, model, numCylinders, numDoors, weight, otherOptions) VALUES ('ABC193', 5, 'White', '2015-07-01', 'Italy', '2015-07-02', 24088, 'Sedan', 4, 4, 3049, 'Leather Seats, Heated Seats');
INSERT INTO PriceSticker (vehicleID, capacity, color, dateOfManufacture, placeOfManufacture, deliveryDate, mileageAtDelivery, model, numCylinders, numDoors, weight, otherOptions) VALUES ('ABC194', 6, 'White', '2020-10-08', 'Italy', '2020-11-02', 63985, 'Van', 12, 4, 2909, 'Backup Camera, Bluetooth, Sunroof, Leather Seats, Navigation System');
INSERT INTO PriceSticker (vehicleID, capacity, color, dateOfManufacture, placeOfManufacture, deliveryDate, mileageAtDelivery, model, numCylinders, numDoors, weight, otherOptions) VALUES ('ABC195', 6, 'Silver', '2014-12-18', 'Japan', '2015-01-03', 35551, 'Convertible', 4, 4, 2044, 'Heated Seats, Backup Camera, Leather Seats, Navigation System, Sunroof, Bluetooth');
INSERT INTO PriceSticker (vehicleID, capacity, color, dateOfManufacture, placeOfManufacture, deliveryDate, mileageAtDelivery, model, numCylinders, numDoors, weight, otherOptions) VALUES ('ABC196', 6, 'Silver', '2017-02-21', 'Italy', '2017-03-15', 18018, 'Pickup', 8, 4, 1024, 'Backup Camera, Leather Seats, Bluetooth, Navigation System, Heated Seats, Sunroof, Alloy Wheels');
INSERT INTO PriceSticker (vehicleID, capacity, color, dateOfManufacture, placeOfManufacture, deliveryDate, mileageAtDelivery, model, numCylinders, numDoors, weight, otherOptions) VALUES ('ABC197', 6, 'White', '2015-04-20', 'Japan', '2015-04-26', 48289, 'Coupe', 10, 2, 2310, 'Leather Seats, Backup Camera, Heated Seats, Sunroof, Bluetooth, Navigation System, Alloy Wheels');
INSERT INTO PriceSticker (vehicleID, capacity, color, dateOfManufacture, placeOfManufacture, deliveryDate, mileageAtDelivery, model, numCylinders, numDoors, weight, otherOptions) VALUES ('ABC198', 4, 'Yellow', '2018-01-18', 'South Korea', '2018-02-13', 62718, 'Pickup', 12, 4, 2694, 'Alloy Wheels, Bluetooth, Backup Camera, Sunroof, Navigation System');
INSERT INTO PriceSticker (vehicleID, capacity, color, dateOfManufacture, placeOfManufacture, deliveryDate, mileageAtDelivery, model, numCylinders, numDoors, weight, otherOptions) VALUES ('ABC199', 8, 'Red', '2021-12-12', 'France', '2021-12-22', 43779, 'Sedan', 6, 4, 2493, 'Backup Camera, Leather Seats, Bluetooth, Heated Seats, Sunroof, Navigation System, Alloy Wheels');
INSERT INTO PriceSticker (vehicleID, capacity, color, dateOfManufacture, placeOfManufacture, deliveryDate, mileageAtDelivery, model, numCylinders, numDoors, weight, otherOptions) VALUES ('ABC200', 8, 'Gray', '2021-02-22', 'Germany', '2021-03-06', 90181, 'SUV', 8, 4, 1532, 'Bluetooth, Sunroof, Alloy Wheels');
INSERT INTO PriceSticker (vehicleID, capacity, color, dateOfManufacture, placeOfManufacture, deliveryDate, mileageAtDelivery, model, numCylinders, numDoors, weight, otherOptions) VALUES ('ABC201', 7, 'Orange', '2015-09-26', 'Japan', '2015-10-07', 81774, 'Sedan', 6, 4, 3414, 'Leather Seats, Heated Seats, Backup Camera, Sunroof');
INSERT INTO PriceSticker (vehicleID, capacity, color, dateOfManufacture, placeOfManufacture, deliveryDate, mileageAtDelivery, model, numCylinders, numDoors, weight, otherOptions) VALUES ('ABC202', 6, 'White', '2018-07-01', 'Germany', '2018-07-02', 6371, 'Coupe', 6, 4, 3329, 'Heated Seats');
INSERT INTO PriceSticker (vehicleID, capacity, color, dateOfManufacture, placeOfManufacture, deliveryDate, mileageAtDelivery, model, numCylinders, numDoors, weight, otherOptions) VALUES ('ABC203', 7, 'Black', '2021-06-01', 'Italy', '2021-06-28', 67801, 'SUV', 12, 4, 3249, 'Alloy Wheels, Navigation System');
INSERT INTO PriceSticker (vehicleID, capacity, color, dateOfManufacture, placeOfManufacture, deliveryDate, mileageAtDelivery, model, numCylinders, numDoors, weight, otherOptions) VALUES ('ABC204', 7, 'Blue', '2021-04-07', 'Japan', '2021-05-02', 77266, 'Convertible', 6, 4, 3376, 'Sunroof, Backup Camera, Navigation System, Bluetooth, Heated Seats');
INSERT INTO PriceSticker (vehicleID, capacity, color, dateOfManufacture, placeOfManufacture, deliveryDate, mileageAtDelivery, model, numCylinders, numDoors, weight, otherOptions) VALUES ('ABC205', 7, 'Brown', '2020-08-19', 'Japan', '2020-09-07', 65263, 'Sedan', 8, 4, 2156, 'Sunroof, Bluetooth, Navigation System, Heated Seats, Leather Seats');
INSERT INTO PriceSticker (vehicleID, capacity, color, dateOfManufacture, placeOfManufacture, deliveryDate, mileageAtDelivery, model, numCylinders, numDoors, weight, otherOptions) VALUES ('ABC206', 4, 'Red', '2019-03-08', 'South Korea', '2019-04-05', 73221, 'Hatchback', 12, 4, 3050, 'Alloy Wheels, Leather Seats, Backup Camera');
INSERT INTO PriceSticker (vehicleID, capacity, color, dateOfManufacture, placeOfManufacture, deliveryDate, mileageAtDelivery, model, numCylinders, numDoors, weight, otherOptions) VALUES ('ABC207', 5, 'Gray', '2020-02-02', 'Japan', '2020-02-03', 11234, 'SUV', 10, 4, 2356, 'Alloy Wheels, Navigation System, Sunroof, Bluetooth, Heated Seats');
INSERT INTO PriceSticker (vehicleID, capacity, color, dateOfManufacture, placeOfManufacture, deliveryDate, mileageAtDelivery, model, numCylinders, numDoors, weight, otherOptions) VALUES ('ABC208', 6, 'Red', '2023-07-04', 'Japan', '2023-07-09', 25028, 'Coupe', 4, 2, 3252, 'Alloy Wheels');
INSERT INTO PriceSticker (vehicleID, capacity, color, dateOfManufacture, placeOfManufacture, deliveryDate, mileageAtDelivery, model, numCylinders, numDoors, weight, otherOptions) VALUES ('ABC209', 7, 'Blue', '2020-04-23', 'Italy', '2020-05-01', 3251, 'Van', 12, 4, 1807, 'Sunroof, Heated Seats, Bluetooth');
INSERT INTO PriceSticker (vehicleID, capacity, color, dateOfManufacture, placeOfManufacture, deliveryDate, mileageAtDelivery, model, numCylinders, numDoors, weight, otherOptions) VALUES ('ABC210', 5, 'Red', '2018-08-21', 'USA', '2018-08-23', 83315, 'Van', 12, 4, 2503, 'Backup Camera, Sunroof');



INSERT INTO BillOfSale (BillofSaleID, CopyRetained, CurrentMileage, Delivery, FinancingInfo, NewOrUsed, Price, SalespersonName, Specifications, WarrantyInfo, vehicleID, cusID) VALUES ('00001111', False, '54135', '2024-02-02', 'Financed through Capital One, Loan Amount: $5424, Monthly Payment: $638', 'New', 5939, 'Hannah Hall', 'Model A, V8 Engine', 'Powertrain Warranty: 7 years/100,000 miles, Emissions Warranty: 8 years/80,000 miles', 'ABC196', 10001);
INSERT INTO BillOfSale (BillofSaleID, CopyRetained, CurrentMileage, Delivery, FinancingInfo, NewOrUsed, Price, SalespersonName, Specifications, WarrantyInfo, vehicleID, cusID) VALUES ('00001112', True, '106247', '2024-05-30', 'Financed through Citibank, Loan Amount: $30462, Monthly Payment: $572', 'New', 32205, 'Alice Smith', 'Model B, V6 Engine', 'Basic Warranty: 4 years/50,000 miles, Powertrain: 6 years/100,000 miles, Roadside Assistance: 2 years/unlimited miles', 'ABC158', 10002);
INSERT INTO BillOfSale (BillofSaleID, CopyRetained, CurrentMileage, Delivery, FinancingInfo, NewOrUsed, Price, SalespersonName, Specifications, WarrantyInfo, vehicleID, cusID) VALUES ('00001113', True, '137157', '2024-09-21', 'Financed through U.S. Bank, Loan Amount: $14072, Monthly Payment: $789', 'New', 18102, 'David Wilson', 'Model B, Electric Engine', 'Basic Warranty: 3 years/36,000 miles, Hybrid Battery: 8 years/100,000 miles', 'ABC179', 10003);
INSERT INTO BillOfSale (BillofSaleID, CopyRetained, CurrentMileage, Delivery, FinancingInfo, NewOrUsed, Price, SalespersonName, Specifications, WarrantyInfo, vehicleID, cusID) VALUES ('00001114', False, '164811', '2024-09-17', 'Financed through Citibank, Loan Amount: $7520, Monthly Payment: $448', 'Used', 14934, 'Hannah Hall', 'Model B, V6 Engine', 'Basic Warranty: 3 years/36,000 miles, Powertrain: 5 years/60,000 miles, Corrosion: 5 years/unlimited mileage', 'ABC105', 10004);
INSERT INTO BillOfSale (BillofSaleID, CopyRetained, CurrentMileage, Delivery, FinancingInfo, NewOrUsed, Price, SalespersonName, Specifications, WarrantyInfo, vehicleID, cusID) VALUES ('00001115', False, '39342', '2024-02-10', 'Financed through Citibank, Loan Amount: $13504, Monthly Payment: $575', 'New', 18676, 'Grace Lewis', 'Model C, Electric Engine', 'Powertrain Warranty: 7 years/100,000 miles, Emissions Warranty: 8 years/80,000 miles', 'ABC156', 10005);
INSERT INTO BillOfSale (BillofSaleID, CopyRetained, CurrentMileage, Delivery, FinancingInfo, NewOrUsed, Price, SalespersonName, Specifications, WarrantyInfo, vehicleID, cusID) VALUES ('00001116', False, '88978', '2024-10-04', 'Financed through Citibank, Loan Amount: $18471, Monthly Payment: $682', 'Used', 35877, 'Ivy Young', 'Model A, Electric Engine', 'Powertrain Warranty: 7 years/100,000 miles, Emissions Warranty: 8 years/80,000 miles', 'ABC116', 10006);
INSERT INTO BillOfSale (BillofSaleID, CopyRetained, CurrentMileage, Delivery, FinancingInfo, NewOrUsed, Price, SalespersonName, Specifications, WarrantyInfo, vehicleID, cusID) VALUES ('00001117', True, '85641', '2024-02-28', 'Financed through Capital One, Loan Amount: $18049, Monthly Payment: $382', 'Used', 24341, 'Hannah Hall', 'Model C, Electric Engine', 'Basic Warranty: 3 years/36,000 miles, Powertrain: 5 years/60,000 miles, Corrosion: 5 years/unlimited mileage', 'ABC154', 10007);
INSERT INTO BillOfSale (BillofSaleID, CopyRetained, CurrentMileage, Delivery, FinancingInfo, NewOrUsed, Price, SalespersonName, Specifications, WarrantyInfo, vehicleID, cusID) VALUES ('00001118', False, '129751', '2024-09-10', 'Financed through U.S. Bank, Loan Amount: $18909, Monthly Payment: $534', 'New', 25633, 'Alice Smith', 'Model B, Electric Engine', 'Basic Warranty: 3 years/36,000 miles, Powertrain: 5 years/60,000 miles, Corrosion: 5 years/unlimited mileage', 'ABC180', 10008);
INSERT INTO BillOfSale (BillofSaleID, CopyRetained, CurrentMileage, Delivery, FinancingInfo, NewOrUsed, Price, SalespersonName, Specifications, WarrantyInfo, vehicleID, cusID) VALUES ('00001119', False, '181757', '2024-09-17', 'Financed through Bank of America, Loan Amount: $19519, Monthly Payment: $537', 'Used', 42366, 'Frank Harris', 'Model B, V8 Engine', 'Certified Pre-Owned Warranty: 1 year/12,000 miles from purchase date, Powertrain: 5 years/60,000 miles', 'ABC170', 10009);
INSERT INTO BillOfSale (BillofSaleID, CopyRetained, CurrentMileage, Delivery, FinancingInfo, NewOrUsed, Price, SalespersonName, Specifications, WarrantyInfo, vehicleID, cusID) VALUES ('00001120', True, '136849', '2024-03-15', 'Financed through Citibank, Loan Amount: $14341, Monthly Payment: $648', 'Used', 21423, 'Grace Lewis', 'Model C, Electric Engine', 'Powertrain Warranty: 7 years/100,000 miles, Emissions Warranty: 8 years/80,000 miles', 'ABC118', 10010);
INSERT INTO BillOfSale (BillofSaleID, CopyRetained, CurrentMileage, Delivery, FinancingInfo, NewOrUsed, Price, SalespersonName, Specifications, WarrantyInfo, vehicleID, cusID) VALUES ('00001121', True, '101814', '2024-06-14', 'Financed through Wells Fargo, Loan Amount: $12809, Monthly Payment: $745', 'Used', 33186, 'Ivy Young', 'Model B, V8 Engine', 'Basic Warranty: 3 years/36,000 miles, Hybrid Battery: 8 years/100,000 miles', 'ABC204', 10011);
INSERT INTO BillOfSale (BillofSaleID, CopyRetained, CurrentMileage, Delivery, FinancingInfo, NewOrUsed, Price, SalespersonName, Specifications, WarrantyInfo, vehicleID, cusID) VALUES ('00001122', False, '84878', '2024-02-01', 'Financed through Wells Fargo, Loan Amount: $16039, Monthly Payment: $773', 'New', 43540, 'David Wilson', 'Model B, Electric Engine', 'Basic Warranty: 3 years/36,000 miles, Hybrid Battery: 8 years/100,000 miles', 'ABC136', 10012);
INSERT INTO BillOfSale (BillofSaleID, CopyRetained, CurrentMileage, Delivery, FinancingInfo, NewOrUsed, Price, SalespersonName, Specifications, WarrantyInfo, vehicleID, cusID) VALUES ('00001123', True, '110527', '2024-01-13', 'Financed through USAA, Loan Amount: $14072, Monthly Payment: $494', 'Used', 41368, 'Eva White', 'Model A, V8 Engine', 'Basic Warranty: 3 years/36,000 miles, Powertrain: 5 years/60,000 miles, Corrosion: 5 years/unlimited mileage', 'ABC116', 10013);
INSERT INTO BillOfSale (BillofSaleID, CopyRetained, CurrentMileage, Delivery, FinancingInfo, NewOrUsed, Price, SalespersonName, Specifications, WarrantyInfo, vehicleID, cusID) VALUES ('00001124', False, '89926', '2023-11-07', 'Financed through Capital One, Loan Amount: $28610, Monthly Payment: $598', 'Used', 49040, 'Alice Smith', 'Model B, V8 Engine', 'Basic Warranty: 3 years/36,000 miles, Powertrain: 5 years/60,000 miles, Corrosion: 5 years/unlimited mileage', 'ABC128', 10014);
INSERT INTO BillOfSale (BillofSaleID, CopyRetained, CurrentMileage, Delivery, FinancingInfo, NewOrUsed, Price, SalespersonName, Specifications, WarrantyInfo, vehicleID, cusID) VALUES ('00001125', False, '26073', '2024-10-02', 'Financed through Citibank, Loan Amount: $3816, Monthly Payment: $614', 'New', 13492, 'Grace Lewis', 'Model B, V6 Engine', 'Basic Warranty: 3 years/36,000 miles, Hybrid Battery: 8 years/100,000 miles', 'ABC140', 10015);
INSERT INTO BillOfSale (BillofSaleID, CopyRetained, CurrentMileage, Delivery, FinancingInfo, NewOrUsed, Price, SalespersonName, Specifications, WarrantyInfo, vehicleID, cusID) VALUES ('00001126', False, '191585', '2024-10-30', 'Financed through U.S. Bank, Loan Amount: $11971, Monthly Payment: $661', 'New', 18208, 'Hannah Hall', 'Model C, Electric Engine', 'Basic Warranty: 3 years/36,000 miles, Hybrid Battery: 8 years/100,000 miles', 'ABC120', 10016);
INSERT INTO BillOfSale (BillofSaleID, CopyRetained, CurrentMileage, Delivery, FinancingInfo, NewOrUsed, Price, SalespersonName, Specifications, WarrantyInfo, vehicleID, cusID) VALUES ('00001127', True, '118196', '2024-07-12', 'Financed through Citibank, Loan Amount: $5674, Monthly Payment: $203', 'Used', 15911, 'Ivy Young', 'Model C, Electric Engine', 'Basic Warranty: 4 years/50,000 miles, Powertrain: 6 years/100,000 miles, Roadside Assistance: 2 years/unlimited miles', 'ABC189', 10017);
INSERT INTO BillOfSale (BillofSaleID, CopyRetained, CurrentMileage, Delivery, FinancingInfo, NewOrUsed, Price, SalespersonName, Specifications, WarrantyInfo, vehicleID, cusID) VALUES ('00001128', False, '175913', '2024-05-03', 'Financed through U.S. Bank, Loan Amount: $16711, Monthly Payment: $674', 'New', 27249, 'Ivy Young', 'Model B, V8 Engine', 'Powertrain Warranty: 7 years/100,000 miles, Emissions Warranty: 8 years/80,000 miles', 'ABC115', 10018);
INSERT INTO BillOfSale (BillofSaleID, CopyRetained, CurrentMileage, Delivery, FinancingInfo, NewOrUsed, Price, SalespersonName, Specifications, WarrantyInfo, vehicleID, cusID) VALUES ('00001129', False, '102741', '2023-11-07', 'Financed through USAA, Loan Amount: $28547, Monthly Payment: $620', 'Used', 41407, 'Frank Harris', 'Model B, Electric Engine', 'Basic Warranty: 3 years/36,000 miles, Hybrid Battery: 8 years/100,000 miles', 'ABC119', 10019);
INSERT INTO BillOfSale (BillofSaleID, CopyRetained, CurrentMileage, Delivery, FinancingInfo, NewOrUsed, Price, SalespersonName, Specifications, WarrantyInfo, vehicleID, cusID) VALUES ('00001130', True, '170952', '2024-10-03', 'Financed through Capital One, Loan Amount: $5484, Monthly Payment: $300', 'Used', 8204, 'David Wilson', 'Model C, V6 Engine', 'Basic Warranty: 4 years/50,000 miles, Powertrain: 6 years/100,000 miles, Roadside Assistance: 2 years/unlimited miles', 'ABC160', 10020);
INSERT INTO BillOfSale (BillofSaleID, CopyRetained, CurrentMileage, Delivery, FinancingInfo, NewOrUsed, Price, SalespersonName, Specifications, WarrantyInfo, vehicleID, cusID) VALUES ('00001131', True, '40750', '2024-05-10', 'Financed through Wells Fargo, Loan Amount: $4295, Monthly Payment: $578', 'New', 25555, 'Hannah Hall', 'Model A, Electric Engine', 'Powertrain Warranty: 7 years/100,000 miles, Emissions Warranty: 8 years/80,000 miles', 'ABC121', 10021);
INSERT INTO BillOfSale (BillofSaleID, CopyRetained, CurrentMileage, Delivery, FinancingInfo, NewOrUsed, Price, SalespersonName, Specifications, WarrantyInfo, vehicleID, cusID) VALUES ('00001132', False, '23312', '2024-03-04', 'Financed through USAA, Loan Amount: $21268, Monthly Payment: $471', 'New', 27779, 'Grace Lewis', 'Model B, V6 Engine', 'Powertrain Warranty: 7 years/100,000 miles, Emissions Warranty: 8 years/80,000 miles', 'ABC136', 10022);
INSERT INTO BillOfSale (BillofSaleID, CopyRetained, CurrentMileage, Delivery, FinancingInfo, NewOrUsed, Price, SalespersonName, Specifications, WarrantyInfo, vehicleID, cusID) VALUES ('00001133', False, '50581', '2024-06-19', 'Financed through JPMorgan Chase, Loan Amount: $11974, Monthly Payment: $620', 'New', 41283, 'Grace Lewis', 'Model C, V6 Engine', 'Basic Warranty: 3 years/36,000 miles, Hybrid Battery: 8 years/100,000 miles', 'ABC170', 10023);
INSERT INTO BillOfSale (BillofSaleID, CopyRetained, CurrentMileage, Delivery, FinancingInfo, NewOrUsed, Price, SalespersonName, Specifications, WarrantyInfo, vehicleID, cusID) VALUES ('00001134', True, '73417', '2023-12-09', 'Financed through USAA, Loan Amount: $3948, Monthly Payment: $206', 'Used', 45275, 'Hannah Hall', 'Model B, V8 Engine', 'Powertrain Warranty: 7 years/100,000 miles, Emissions Warranty: 8 years/80,000 miles', 'ABC123', 10024);
INSERT INTO BillOfSale (BillofSaleID, CopyRetained, CurrentMileage, Delivery, FinancingInfo, NewOrUsed, Price, SalespersonName, Specifications, WarrantyInfo, vehicleID, cusID) VALUES ('00001135', False, '177245', '2024-10-28', 'Financed through JPMorgan Chase, Loan Amount: $5471, Monthly Payment: $632', 'Used', 42528, 'Ivy Young', 'Model B, Electric Engine', 'Basic Warranty: 3 years/36,000 miles, Powertrain: 5 years/60,000 miles, Corrosion: 5 years/unlimited mileage', 'ABC132', 10025);
INSERT INTO BillOfSale (BillofSaleID, CopyRetained, CurrentMileage, Delivery, FinancingInfo, NewOrUsed, Price, SalespersonName, Specifications, WarrantyInfo, vehicleID, cusID) VALUES ('00001136', True, '128058', '2024-05-11', 'Financed through Bank of America, Loan Amount: $7451, Monthly Payment: $722', 'Used', 7569, 'Eva White', 'Model B, V6 Engine', 'Certified Pre-Owned Warranty: 1 year/12,000 miles from purchase date, Powertrain: 5 years/60,000 miles', 'ABC140', 10026);
INSERT INTO BillOfSale (BillofSaleID, CopyRetained, CurrentMileage, Delivery, FinancingInfo, NewOrUsed, Price, SalespersonName, Specifications, WarrantyInfo, vehicleID, cusID) VALUES ('00001137', False, '179134', '2024-06-16', 'Financed through U.S. Bank, Loan Amount: $6759, Monthly Payment: $141', 'Used', 11472, 'David Wilson', 'Model B, Electric Engine', 'Basic Warranty: 3 years/36,000 miles, Hybrid Battery: 8 years/100,000 miles', 'ABC131', 10027);
INSERT INTO BillOfSale (BillofSaleID, CopyRetained, CurrentMileage, Delivery, FinancingInfo, NewOrUsed, Price, SalespersonName, Specifications, WarrantyInfo, vehicleID, cusID) VALUES ('00001138', True, '84170', '2024-02-15', 'Financed through JPMorgan Chase, Loan Amount: $24186, Monthly Payment: $560', 'Used', 42730, 'Eva White', 'Model B, V6 Engine', 'Basic Warranty: 4 years/50,000 miles, Powertrain: 6 years/100,000 miles, Roadside Assistance: 2 years/unlimited miles', 'ABC144', 10028);
INSERT INTO BillOfSale (BillofSaleID, CopyRetained, CurrentMileage, Delivery, FinancingInfo, NewOrUsed, Price, SalespersonName, Specifications, WarrantyInfo, vehicleID, cusID) VALUES ('00001139', False, '41918', '2024-02-06', 'Financed through U.S. Bank, Loan Amount: $16390, Monthly Payment: $605', 'New', 46389, 'Frank Harris', 'Model C, Electric Engine', 'Basic Warranty: 3 years/36,000 miles, Hybrid Battery: 8 years/100,000 miles', 'ABC133', 10029);
INSERT INTO BillOfSale (BillofSaleID, CopyRetained, CurrentMileage, Delivery, FinancingInfo, NewOrUsed, Price, SalespersonName, Specifications, WarrantyInfo, vehicleID, cusID) VALUES ('00001140', False, '64362', '2024-07-01', 'Financed through Bank of America, Loan Amount: $10700, Monthly Payment: $628', 'Used', 24785, 'Alice Smith', 'Model B, V8 Engine', 'Basic Warranty: 3 years/36,000 miles, Hybrid Battery: 8 years/100,000 miles', 'ABC166', 10030);
INSERT INTO BillOfSale (BillofSaleID, CopyRetained, CurrentMileage, Delivery, FinancingInfo, NewOrUsed, Price, SalespersonName, Specifications, WarrantyInfo, vehicleID, cusID) VALUES ('00001141', True, '83735', '2024-05-31', 'Financed through Capital One, Loan Amount: $10697, Monthly Payment: $525', 'New', 43753, 'Hannah Hall', 'Model C, V6 Engine', 'Certified Pre-Owned Warranty: 1 year/12,000 miles from purchase date, Powertrain: 5 years/60,000 miles', 'ABC196', 10031);
INSERT INTO BillOfSale (BillofSaleID, CopyRetained, CurrentMileage, Delivery, FinancingInfo, NewOrUsed, Price, SalespersonName, Specifications, WarrantyInfo, vehicleID, cusID) VALUES ('00001142', False, '112058', '2024-02-10', 'Financed through Citibank, Loan Amount: $29552, Monthly Payment: $604', 'New', 39801, 'Eva White', 'Model B, V6 Engine', 'Powertrain Warranty: 7 years/100,000 miles, Emissions Warranty: 8 years/80,000 miles', 'ABC178', 10032);
INSERT INTO BillOfSale (BillofSaleID, CopyRetained, CurrentMileage, Delivery, FinancingInfo, NewOrUsed, Price, SalespersonName, Specifications, WarrantyInfo, vehicleID, cusID) VALUES ('00001143', False, '86504', '2024-01-10', 'Financed through Citibank, Loan Amount: $7182, Monthly Payment: $781', 'Used', 17583, 'Ivy Young', 'Model C, V8 Engine', 'Basic Warranty: 4 years/50,000 miles, Powertrain: 6 years/100,000 miles, Roadside Assistance: 2 years/unlimited miles', 'ABC102', 10033);
INSERT INTO BillOfSale (BillofSaleID, CopyRetained, CurrentMileage, Delivery, FinancingInfo, NewOrUsed, Price, SalespersonName, Specifications, WarrantyInfo, vehicleID, cusID) VALUES ('00001144', True, '155748', '2024-06-18', 'Financed through Citibank, Loan Amount: $12257, Monthly Payment: $244', 'New', 23164, 'Hannah Hall', 'Model C, V8 Engine', 'Certified Pre-Owned Warranty: 1 year/12,000 miles from purchase date, Powertrain: 5 years/60,000 miles', 'ABC169', 10034);
INSERT INTO BillOfSale (BillofSaleID, CopyRetained, CurrentMileage, Delivery, FinancingInfo, NewOrUsed, Price, SalespersonName, Specifications, WarrantyInfo, vehicleID, cusID) VALUES ('00001145', False, '191538', '2024-10-13', 'Financed through Bank of America, Loan Amount: $7466, Monthly Payment: $413', 'New', 30566, 'Alice Smith', 'Model A, Electric Engine', 'Certified Pre-Owned Warranty: 1 year/12,000 miles from purchase date, Powertrain: 5 years/60,000 miles', 'ABC127', 10035);
INSERT INTO BillOfSale (BillofSaleID, CopyRetained, CurrentMileage, Delivery, FinancingInfo, NewOrUsed, Price, SalespersonName, Specifications, WarrantyInfo, vehicleID, cusID) VALUES ('00001146', True, '147841', '2024-06-28', 'Financed through Citibank, Loan Amount: $24662, Monthly Payment: $646', 'New', 31681, 'David Wilson', 'Model A, Electric Engine', 'Powertrain Warranty: 7 years/100,000 miles, Emissions Warranty: 8 years/80,000 miles', 'ABC200', 10036);
INSERT INTO BillOfSale (BillofSaleID, CopyRetained, CurrentMileage, Delivery, FinancingInfo, NewOrUsed, Price, SalespersonName, Specifications, WarrantyInfo, vehicleID, cusID) VALUES ('00001147', True, '17165', '2024-04-30', 'Financed through Bank of America, Loan Amount: $15165, Monthly Payment: $314', 'Used', 28493, 'Eva White', 'Model B, Electric Engine', 'Powertrain Warranty: 7 years/100,000 miles, Emissions Warranty: 8 years/80,000 miles', 'ABC207', 10037);
INSERT INTO BillOfSale (BillofSaleID, CopyRetained, CurrentMileage, Delivery, FinancingInfo, NewOrUsed, Price, SalespersonName, Specifications, WarrantyInfo, vehicleID, cusID) VALUES ('00001148', True, '19780', '2024-01-03', 'Financed through USAA, Loan Amount: $26876, Monthly Payment: $337', 'New', 30656, 'Ivy Young', 'Model A, V8 Engine', 'Basic Warranty: 4 years/50,000 miles, Powertrain: 6 years/100,000 miles, Roadside Assistance: 2 years/unlimited miles', 'ABC195', 10038);
INSERT INTO BillOfSale (BillofSaleID, CopyRetained, CurrentMileage, Delivery, FinancingInfo, NewOrUsed, Price, SalespersonName, Specifications, WarrantyInfo, vehicleID, cusID) VALUES ('00001149', False, '130686', '2024-05-14', 'Financed through Bank of America, Loan Amount: $34298, Monthly Payment: $525', 'New', 47101, 'Eva White', 'Model B, Electric Engine', 'Basic Warranty: 3 years/36,000 miles, Hybrid Battery: 8 years/100,000 miles', 'ABC139', 10039);
INSERT INTO BillOfSale (BillofSaleID, CopyRetained, CurrentMileage, Delivery, FinancingInfo, NewOrUsed, Price, SalespersonName, Specifications, WarrantyInfo, vehicleID, cusID) VALUES ('00001150', True, '155428', '2023-12-14', 'Financed through Citibank, Loan Amount: $15147, Monthly Payment: $222', 'Used', 19345, 'Ivy Young', 'Model B, V6 Engine', 'Basic Warranty: 4 years/50,000 miles, Powertrain: 6 years/100,000 miles, Roadside Assistance: 2 years/unlimited miles', 'ABC101', 10040);
INSERT INTO BillOfSale (BillofSaleID, CopyRetained, CurrentMileage, Delivery, FinancingInfo, NewOrUsed, Price, SalespersonName, Specifications, WarrantyInfo, vehicleID, cusID) VALUES ('00001151', True, '96622', '2024-08-21', 'Financed through Capital One, Loan Amount: $40576, Monthly Payment: $712', 'Used', 40661, 'Eva White', 'Model C, V6 Engine', 'Basic Warranty: 3 years/36,000 miles, Hybrid Battery: 8 years/100,000 miles', 'ABC158', 10041);
INSERT INTO BillOfSale (BillofSaleID, CopyRetained, CurrentMileage, Delivery, FinancingInfo, NewOrUsed, Price, SalespersonName, Specifications, WarrantyInfo, vehicleID, cusID) VALUES ('00001152', True, '139275', '2024-05-22', 'Financed through Capital One, Loan Amount: $28401, Monthly Payment: $794', 'New', 38348, 'Ivy Young', 'Model B, V8 Engine', 'Basic Warranty: 4 years/50,000 miles, Powertrain: 6 years/100,000 miles, Roadside Assistance: 2 years/unlimited miles', 'ABC200', 10042);
INSERT INTO BillOfSale (BillofSaleID, CopyRetained, CurrentMileage, Delivery, FinancingInfo, NewOrUsed, Price, SalespersonName, Specifications, WarrantyInfo, vehicleID, cusID) VALUES ('00001153', True, '58093', '2024-06-02', 'Financed through JPMorgan Chase, Loan Amount: $12302, Monthly Payment: $177', 'New', 48971, 'David Wilson', 'Model C, Electric Engine', 'Basic Warranty: 3 years/36,000 miles, Powertrain: 5 years/60,000 miles, Corrosion: 5 years/unlimited mileage', 'ABC111', 10043);
INSERT INTO BillOfSale (BillofSaleID, CopyRetained, CurrentMileage, Delivery, FinancingInfo, NewOrUsed, Price, SalespersonName, Specifications, WarrantyInfo, vehicleID, cusID) VALUES ('00001154', False, '123944', '2023-12-04', 'Financed through Capital One, Loan Amount: $41586, Monthly Payment: $328', 'New', 44408, 'Hannah Hall', 'Model C, V6 Engine', 'Basic Warranty: 4 years/50,000 miles, Powertrain: 6 years/100,000 miles, Roadside Assistance: 2 years/unlimited miles', 'ABC136', 10044);
INSERT INTO BillOfSale (BillofSaleID, CopyRetained, CurrentMileage, Delivery, FinancingInfo, NewOrUsed, Price, SalespersonName, Specifications, WarrantyInfo, vehicleID, cusID) VALUES ('00001155', False, '49683', '2024-05-04', 'Financed through USAA, Loan Amount: $7869, Monthly Payment: $546', 'Used', 16163, 'Joe Johnson', 'Model C, V8 Engine', 'Basic Warranty: 3 years/36,000 miles, Powertrain: 5 years/60,000 miles, Corrosion: 5 years/unlimited mileage', 'ABC156', 10045);
INSERT INTO BillOfSale (BillofSaleID, CopyRetained, CurrentMileage, Delivery, FinancingInfo, NewOrUsed, Price, SalespersonName, Specifications, WarrantyInfo, vehicleID, cusID) VALUES ('00001156', True, '7213', '2024-09-27', 'Financed through Citibank, Loan Amount: $17506, Monthly Payment: $203', 'Used', 17897, 'Joe Johnson', 'Model C, V8 Engine', 'Basic Warranty: 3 years/36,000 miles, Hybrid Battery: 8 years/100,000 miles', 'ABC190', 10046);
INSERT INTO BillOfSale (BillofSaleID, CopyRetained, CurrentMileage, Delivery, FinancingInfo, NewOrUsed, Price, SalespersonName, Specifications, WarrantyInfo, vehicleID, cusID) VALUES ('00001157', False, '3206', '2023-12-01', 'Financed through JPMorgan Chase, Loan Amount: $4050, Monthly Payment: $261', 'Used', 5996, 'Joe Johnson', 'Model C, V6 Engine', 'Basic Warranty: 3 years/36,000 miles, Hybrid Battery: 8 years/100,000 miles', 'ABC210', 10047);
INSERT INTO BillOfSale (BillofSaleID, CopyRetained, CurrentMileage, Delivery, FinancingInfo, NewOrUsed, Price, SalespersonName, Specifications, WarrantyInfo, vehicleID, cusID) VALUES ('00001158', True, '57412', '2024-10-10', 'Financed through Wells Fargo, Loan Amount: $16604, Monthly Payment: $494', 'Used', 24912, 'Joe Johnson', 'Model A, V8 Engine', 'Basic Warranty: 3 years/36,000 miles, Powertrain: 5 years/60,000 miles, Corrosion: 5 years/unlimited mileage', 'ABC135', 10048);
INSERT INTO BillOfSale (BillofSaleID, CopyRetained, CurrentMileage, Delivery, FinancingInfo, NewOrUsed, Price, SalespersonName, Specifications, WarrantyInfo, vehicleID, cusID) VALUES ('00001159', False, '141108', '2024-10-21', 'Financed through USAA, Loan Amount: $7338, Monthly Payment: $643', 'Used', 15103, 'Joe Johnson', 'Model B, Electric Engine', 'Basic Warranty: 4 years/50,000 miles, Powertrain: 6 years/100,000 miles, Roadside Assistance: 2 years/unlimited miles', 'ABC196', 10049);
INSERT INTO BillOfSale (BillofSaleID, CopyRetained, CurrentMileage, Delivery, FinancingInfo, NewOrUsed, Price, SalespersonName, Specifications, WarrantyInfo, vehicleID, cusID) VALUES ('00001160', True, '89832', '2024-01-28', 'Financed through U.S. Bank, Loan Amount: $11959, Monthly Payment: $495', 'Used', 14381, 'Hannah Hall', 'Model C, V8 Engine', 'Basic Warranty: 3 years/36,000 miles, Hybrid Battery: 8 years/100,000 miles', 'ABC167', 10050);
INSERT INTO BillOfSale (BillofSaleID, CopyRetained, CurrentMileage, Delivery, FinancingInfo, NewOrUsed, Price, SalespersonName, Specifications, WarrantyInfo, vehicleID, cusID) VALUES ('00001161', True, '194464', '2024-09-16', 'Financed through U.S. Bank, Loan Amount: $20749, Monthly Payment: $626', 'New', 28088, 'Frank Harris', 'Model C, V8 Engine', 'Basic Warranty: 3 years/36,000 miles, Powertrain: 5 years/60,000 miles, Corrosion: 5 years/unlimited mileage', 'ABC123', 10051);
INSERT INTO BillOfSale (BillofSaleID, CopyRetained, CurrentMileage, Delivery, FinancingInfo, NewOrUsed, Price, SalespersonName, Specifications, WarrantyInfo, vehicleID, cusID) VALUES ('00001162', False, '151047', '2024-01-05', 'Financed through U.S. Bank, Loan Amount: $16490, Monthly Payment: $206', 'Used', 40735, 'Eva White', 'Model B, V6 Engine', 'Certified Pre-Owned Warranty: 1 year/12,000 miles from purchase date, Powertrain: 5 years/60,000 miles', 'ABC107', 10052);
INSERT INTO BillOfSale (BillofSaleID, CopyRetained, CurrentMileage, Delivery, FinancingInfo, NewOrUsed, Price, SalespersonName, Specifications, WarrantyInfo, vehicleID, cusID) VALUES ('00001163', True, '158203', '2024-09-28', 'Financed through JPMorgan Chase, Loan Amount: $24328, Monthly Payment: $797', 'New', 48561, 'Joe Johnson', 'Model C, V6 Engine', 'Certified Pre-Owned Warranty: 1 year/12,000 miles from purchase date, Powertrain: 5 years/60,000 miles', 'ABC172', 10053);
INSERT INTO BillOfSale (BillofSaleID, CopyRetained, CurrentMileage, Delivery, FinancingInfo, NewOrUsed, Price, SalespersonName, Specifications, WarrantyInfo, vehicleID, cusID) VALUES ('00001164', True, '128337', '2024-10-24', 'Financed through Citibank, Loan Amount: $16260, Monthly Payment: $337', 'New', 25290, 'Hannah Hall', 'Model C, V6 Engine', 'Basic Warranty: 4 years/50,000 miles, Powertrain: 6 years/100,000 miles, Roadside Assistance: 2 years/unlimited miles', 'ABC104', 10054);
INSERT INTO BillOfSale (BillofSaleID, CopyRetained, CurrentMileage, Delivery, FinancingInfo, NewOrUsed, Price, SalespersonName, Specifications, WarrantyInfo, vehicleID, cusID) VALUES ('00001165', False, '36642', '2024-10-21', 'Financed through Bank of America, Loan Amount: $8046, Monthly Payment: $103', 'Used', 26743, 'Joe Johnson', 'Model B, Electric Engine', 'Powertrain Warranty: 7 years/100,000 miles, Emissions Warranty: 8 years/80,000 miles', 'ABC160', 10055);
INSERT INTO BillOfSale (BillofSaleID, CopyRetained, CurrentMileage, Delivery, FinancingInfo, NewOrUsed, Price, SalespersonName, Specifications, WarrantyInfo, vehicleID, cusID) VALUES ('00001166', False, '134152', '2024-10-15', 'Financed through Bank of America, Loan Amount: $3293, Monthly Payment: $790', 'Used', 18910, 'Eva White', 'Model A, V6 Engine', 'Basic Warranty: 4 years/50,000 miles, Powertrain: 6 years/100,000 miles, Roadside Assistance: 2 years/unlimited miles', 'ABC183', 10056);
INSERT INTO BillOfSale (BillofSaleID, CopyRetained, CurrentMileage, Delivery, FinancingInfo, NewOrUsed, Price, SalespersonName, Specifications, WarrantyInfo, vehicleID, cusID) VALUES ('00001167', False, '123776', '2024-03-04', 'Financed through U.S. Bank, Loan Amount: $9753, Monthly Payment: $337', 'Used', 48870, 'Joe Johnson', 'Model C, V6 Engine', 'Basic Warranty: 3 years/36,000 miles, Hybrid Battery: 8 years/100,000 miles', 'ABC115', 10057);
INSERT INTO BillOfSale (BillofSaleID, CopyRetained, CurrentMileage, Delivery, FinancingInfo, NewOrUsed, Price, SalespersonName, Specifications, WarrantyInfo, vehicleID, cusID) VALUES ('00001168', False, '66303', '2023-12-10', 'Financed through U.S. Bank, Loan Amount: $7212, Monthly Payment: $640', 'Used', 36586, 'Hannah Hall', 'Model C, V6 Engine', 'Basic Warranty: 3 years/36,000 miles, Powertrain: 5 years/60,000 miles, Corrosion: 5 years/unlimited mileage', 'ABC143', 10058);
INSERT INTO BillOfSale (BillofSaleID, CopyRetained, CurrentMileage, Delivery, FinancingInfo, NewOrUsed, Price, SalespersonName, Specifications, WarrantyInfo, vehicleID, cusID) VALUES ('00001169', True, '196756', '2024-05-17', 'Financed through Capital One, Loan Amount: $15623, Monthly Payment: $361', 'Used', 36876, 'David Wilson', 'Model B, Electric Engine', 'Certified Pre-Owned Warranty: 1 year/12,000 miles from purchase date, Powertrain: 5 years/60,000 miles', 'ABC191', 10059);
INSERT INTO BillOfSale (BillofSaleID, CopyRetained, CurrentMileage, Delivery, FinancingInfo, NewOrUsed, Price, SalespersonName, Specifications, WarrantyInfo, vehicleID, cusID) VALUES ('00001170', True, '161505', '2024-09-02', 'Financed through JPMorgan Chase, Loan Amount: $19854, Monthly Payment: $708', 'New', 24394, 'Grace Lewis', 'Model C, V8 Engine', 'Powertrain Warranty: 7 years/100,000 miles, Emissions Warranty: 8 years/80,000 miles', 'ABC173', 10060);
INSERT INTO BillOfSale (BillofSaleID, CopyRetained, CurrentMileage, Delivery, FinancingInfo, NewOrUsed, Price, SalespersonName, Specifications, WarrantyInfo, vehicleID, cusID) VALUES ('00001171', True, '67455', '2024-05-31', 'Financed through JPMorgan Chase, Loan Amount: $21544, Monthly Payment: $308', 'New', 33618, 'Hannah Hall', 'Model C, V6 Engine', 'Powertrain Warranty: 7 years/100,000 miles, Emissions Warranty: 8 years/80,000 miles', 'ABC170', 10061);
INSERT INTO BillOfSale (BillofSaleID, CopyRetained, CurrentMileage, Delivery, FinancingInfo, NewOrUsed, Price, SalespersonName, Specifications, WarrantyInfo, vehicleID, cusID) VALUES ('00001172', False, '163733', '2024-04-03', 'Financed through Bank of America, Loan Amount: $13685, Monthly Payment: $226', 'New', 20868, 'Grace Lewis', 'Model A, V8 Engine', 'Certified Pre-Owned Warranty: 1 year/12,000 miles from purchase date, Powertrain: 5 years/60,000 miles', 'ABC108', 10062);
INSERT INTO BillOfSale (BillofSaleID, CopyRetained, CurrentMileage, Delivery, FinancingInfo, NewOrUsed, Price, SalespersonName, Specifications, WarrantyInfo, vehicleID, cusID) VALUES ('00001173', True, '171927', '2024-05-24', 'Financed through U.S. Bank, Loan Amount: $7834, Monthly Payment: $591', 'Used', 11469, 'Grace Lewis', 'Model B, V8 Engine', 'Basic Warranty: 3 years/36,000 miles, Hybrid Battery: 8 years/100,000 miles', 'ABC198', 10063);
INSERT INTO BillOfSale (BillofSaleID, CopyRetained, CurrentMileage, Delivery, FinancingInfo, NewOrUsed, Price, SalespersonName, Specifications, WarrantyInfo, vehicleID, cusID) VALUES ('00001174', False, '120961', '2024-08-17', 'Financed through Bank of America, Loan Amount: $18958, Monthly Payment: $538', 'Used', 20068, 'Frank Harris', 'Model A, Electric Engine', 'Basic Warranty: 3 years/36,000 miles, Powertrain: 5 years/60,000 miles, Corrosion: 5 years/unlimited mileage', 'ABC196', 10064);
INSERT INTO BillOfSale (BillofSaleID, CopyRetained, CurrentMileage, Delivery, FinancingInfo, NewOrUsed, Price, SalespersonName, Specifications, WarrantyInfo, vehicleID, cusID) VALUES ('00001175', False, '129796', '2024-04-25', 'Financed through Citibank, Loan Amount: $3841, Monthly Payment: $404', 'Used', 19713, 'David Wilson', 'Model C, V8 Engine', 'Certified Pre-Owned Warranty: 1 year/12,000 miles from purchase date, Powertrain: 5 years/60,000 miles', 'ABC118', 10065);
INSERT INTO BillOfSale (BillofSaleID, CopyRetained, CurrentMileage, Delivery, FinancingInfo, NewOrUsed, Price, SalespersonName, Specifications, WarrantyInfo, vehicleID, cusID) VALUES ('00001176', False, '60776', '2024-09-12', 'Financed through USAA, Loan Amount: $11798, Monthly Payment: $169', 'Used', 42252, 'Joe Johnson', 'Model A, V8 Engine', 'Powertrain Warranty: 7 years/100,000 miles, Emissions Warranty: 8 years/80,000 miles', 'ABC171', 10066);
INSERT INTO BillOfSale (BillofSaleID, CopyRetained, CurrentMileage, Delivery, FinancingInfo, NewOrUsed, Price, SalespersonName, Specifications, WarrantyInfo, vehicleID, cusID) VALUES ('00001177', True, '74926', '2024-08-08', 'Financed through Capital One, Loan Amount: $12013, Monthly Payment: $426', 'New', 35485, 'Alice Smith', 'Model B, V8 Engine', 'Basic Warranty: 3 years/36,000 miles, Powertrain: 5 years/60,000 miles, Corrosion: 5 years/unlimited mileage', 'ABC122', 10067);
INSERT INTO BillOfSale (BillofSaleID, CopyRetained, CurrentMileage, Delivery, FinancingInfo, NewOrUsed, Price, SalespersonName, Specifications, WarrantyInfo, vehicleID, cusID) VALUES ('00001178', False, '92343', '2024-08-11', 'Financed through Citibank, Loan Amount: $19936, Monthly Payment: $480', 'Used', 42283, 'Grace Lewis', 'Model C, V6 Engine', 'Powertrain Warranty: 7 years/100,000 miles, Emissions Warranty: 8 years/80,000 miles', 'ABC133', 10068);
INSERT INTO BillOfSale (BillofSaleID, CopyRetained, CurrentMileage, Delivery, FinancingInfo, NewOrUsed, Price, SalespersonName, Specifications, WarrantyInfo, vehicleID, cusID) VALUES ('00001179', True, '164490', '2024-06-08', 'Financed through JPMorgan Chase, Loan Amount: $24447, Monthly Payment: $616', 'New', 47935, 'Grace Lewis', 'Model A, V6 Engine', 'Powertrain Warranty: 7 years/100,000 miles, Emissions Warranty: 8 years/80,000 miles', 'ABC125', 10069);
INSERT INTO BillOfSale (BillofSaleID, CopyRetained, CurrentMileage, Delivery, FinancingInfo, NewOrUsed, Price, SalespersonName, Specifications, WarrantyInfo, vehicleID, cusID) VALUES ('00001180', False, '153941', '2023-11-22', 'Financed through JPMorgan Chase, Loan Amount: $7042, Monthly Payment: $716', 'New', 13060, 'Eva White', 'Model C, V6 Engine', 'Basic Warranty: 4 years/50,000 miles, Powertrain: 6 years/100,000 miles, Roadside Assistance: 2 years/unlimited miles', 'ABC125', 10070);
INSERT INTO BillOfSale (BillofSaleID, CopyRetained, CurrentMileage, Delivery, FinancingInfo, NewOrUsed, Price, SalespersonName, Specifications, WarrantyInfo, vehicleID, cusID) VALUES ('00001181', False, '164849', '2023-12-10', 'Financed through U.S. Bank, Loan Amount: $5443, Monthly Payment: $761', 'New', 19160, 'Ivy Young', 'Model C, Electric Engine', 'Basic Warranty: 4 years/50,000 miles, Powertrain: 6 years/100,000 miles, Roadside Assistance: 2 years/unlimited miles', 'ABC129', 10071);
INSERT INTO BillOfSale (BillofSaleID, CopyRetained, CurrentMileage, Delivery, FinancingInfo, NewOrUsed, Price, SalespersonName, Specifications, WarrantyInfo, vehicleID, cusID) VALUES ('00001182', True, '16294', '2024-11-03', 'Financed through U.S. Bank, Loan Amount: $42111, Monthly Payment: $595', 'Used', 48707, 'Frank Harris', 'Model A, V6 Engine', 'Powertrain Warranty: 7 years/100,000 miles, Emissions Warranty: 8 years/80,000 miles', 'ABC200', 10072);
INSERT INTO BillOfSale (BillofSaleID, CopyRetained, CurrentMileage, Delivery, FinancingInfo, NewOrUsed, Price, SalespersonName, Specifications, WarrantyInfo, vehicleID, cusID) VALUES ('00001183', False, '118633', '2024-07-22', 'Financed through Wells Fargo, Loan Amount: $10478, Monthly Payment: $509', 'New', 13231, 'Frank Harris', 'Model A, Electric Engine', 'Basic Warranty: 4 years/50,000 miles, Powertrain: 6 years/100,000 miles, Roadside Assistance: 2 years/unlimited miles', 'ABC116', 10073);
INSERT INTO BillOfSale (BillofSaleID, CopyRetained, CurrentMileage, Delivery, FinancingInfo, NewOrUsed, Price, SalespersonName, Specifications, WarrantyInfo, vehicleID, cusID) VALUES ('00001184', True, '5818', '2024-08-24', 'Financed through JPMorgan Chase, Loan Amount: $15148, Monthly Payment: $126', 'New', 17086, 'Eva White', 'Model C, V6 Engine', 'Certified Pre-Owned Warranty: 1 year/12,000 miles from purchase date, Powertrain: 5 years/60,000 miles', 'ABC131', 10074);
INSERT INTO BillOfSale (BillofSaleID, CopyRetained, CurrentMileage, Delivery, FinancingInfo, NewOrUsed, Price, SalespersonName, Specifications, WarrantyInfo, vehicleID, cusID) VALUES ('00001185', False, '184883', '2024-06-24', 'Financed through USAA, Loan Amount: $8967, Monthly Payment: $536', 'New', 41093, 'Alice Smith', 'Model C, V8 Engine', 'Basic Warranty: 4 years/50,000 miles, Powertrain: 6 years/100,000 miles, Roadside Assistance: 2 years/unlimited miles', 'ABC113', 10075);
INSERT INTO BillOfSale (BillofSaleID, CopyRetained, CurrentMileage, Delivery, FinancingInfo, NewOrUsed, Price, SalespersonName, Specifications, WarrantyInfo, vehicleID, cusID) VALUES ('00001186', False, '173850', '2024-07-29', 'Financed through Wells Fargo, Loan Amount: $18149, Monthly Payment: $694', 'Used', 31883, 'Frank Harris', 'Model C, V6 Engine', 'Basic Warranty: 3 years/36,000 miles, Powertrain: 5 years/60,000 miles, Corrosion: 5 years/unlimited mileage', 'ABC183', 10076);
INSERT INTO BillOfSale (BillofSaleID, CopyRetained, CurrentMileage, Delivery, FinancingInfo, NewOrUsed, Price, SalespersonName, Specifications, WarrantyInfo, vehicleID, cusID) VALUES ('00001187', False, '101119', '2024-02-08', 'Financed through Wells Fargo, Loan Amount: $9930, Monthly Payment: $304', 'New', 19199, 'David Wilson', 'Model C, V6 Engine', 'Basic Warranty: 3 years/36,000 miles, Powertrain: 5 years/60,000 miles, Corrosion: 5 years/unlimited mileage', 'ABC103', 10077);
INSERT INTO BillOfSale (BillofSaleID, CopyRetained, CurrentMileage, Delivery, FinancingInfo, NewOrUsed, Price, SalespersonName, Specifications, WarrantyInfo, vehicleID, cusID) VALUES ('00001188', True, '110152', '2024-10-19', 'Financed through Capital One, Loan Amount: $4034, Monthly Payment: $776', 'New', 7988, 'Ivy Young', 'Model B, Electric Engine', 'Basic Warranty: 3 years/36,000 miles, Hybrid Battery: 8 years/100,000 miles', 'ABC107', 10078);
INSERT INTO BillOfSale (BillofSaleID, CopyRetained, CurrentMileage, Delivery, FinancingInfo, NewOrUsed, Price, SalespersonName, Specifications, WarrantyInfo, vehicleID, cusID) VALUES ('00001189', True, '63918', '2024-10-21', 'Financed through USAA, Loan Amount: $16903, Monthly Payment: $763', 'Used', 26443, 'Frank Harris', 'Model C, V6 Engine', 'Certified Pre-Owned Warranty: 1 year/12,000 miles from purchase date, Powertrain: 5 years/60,000 miles', 'ABC170', 10079);
INSERT INTO BillOfSale (BillofSaleID, CopyRetained, CurrentMileage, Delivery, FinancingInfo, NewOrUsed, Price, SalespersonName, Specifications, WarrantyInfo, vehicleID, cusID) VALUES ('00001190', True, '182048', '2024-02-18', 'Financed through Citibank, Loan Amount: $7484, Monthly Payment: $606', 'New', 11064, 'Joe Johnson', 'Model A, V8 Engine', 'Basic Warranty: 4 years/50,000 miles, Powertrain: 6 years/100,000 miles, Roadside Assistance: 2 years/unlimited miles', 'ABC122', 10080);
INSERT INTO BillOfSale (BillofSaleID, CopyRetained, CurrentMileage, Delivery, FinancingInfo, NewOrUsed, Price, SalespersonName, Specifications, WarrantyInfo, vehicleID, cusID) VALUES ('00001191', True, '73466', '2023-12-15', 'Financed through Bank of America, Loan Amount: $6641, Monthly Payment: $721', 'New', 8803, 'Alice Smith', 'Model C, Electric Engine', 'Certified Pre-Owned Warranty: 1 year/12,000 miles from purchase date, Powertrain: 5 years/60,000 miles', 'ABC120', 10081);
INSERT INTO BillOfSale (BillofSaleID, CopyRetained, CurrentMileage, Delivery, FinancingInfo, NewOrUsed, Price, SalespersonName, Specifications, WarrantyInfo, vehicleID, cusID) VALUES ('00001192', True, '170701', '2024-05-15', 'Financed through Capital One, Loan Amount: $15148, Monthly Payment: $147', 'Used', 20695, 'Alice Smith', 'Model A, V8 Engine', 'Basic Warranty: 3 years/36,000 miles, Hybrid Battery: 8 years/100,000 miles', 'ABC198', 10082);
INSERT INTO BillOfSale (BillofSaleID, CopyRetained, CurrentMileage, Delivery, FinancingInfo, NewOrUsed, Price, SalespersonName, Specifications, WarrantyInfo, vehicleID, cusID) VALUES ('00001193', False, '181947', '2024-09-03', 'Financed through JPMorgan Chase, Loan Amount: $11705, Monthly Payment: $473', 'Used', 14839, 'Ivy Young', 'Model B, V8 Engine', 'Certified Pre-Owned Warranty: 1 year/12,000 miles from purchase date, Powertrain: 5 years/60,000 miles', 'ABC172', 10083);
INSERT INTO BillOfSale (BillofSaleID, CopyRetained, CurrentMileage, Delivery, FinancingInfo, NewOrUsed, Price, SalespersonName, Specifications, WarrantyInfo, vehicleID, cusID) VALUES ('00001194', False, '39083', '2023-11-13', 'Financed through JPMorgan Chase, Loan Amount: $22641, Monthly Payment: $431', 'Used', 45486, 'Grace Lewis', 'Model B, V8 Engine', 'Basic Warranty: 3 years/36,000 miles, Powertrain: 5 years/60,000 miles, Corrosion: 5 years/unlimited mileage', 'ABC174', 10084);
INSERT INTO BillOfSale (BillofSaleID, CopyRetained, CurrentMileage, Delivery, FinancingInfo, NewOrUsed, Price, SalespersonName, Specifications, WarrantyInfo, vehicleID, cusID) VALUES ('00001195', False, '42366', '2024-07-17', 'Financed through Capital One, Loan Amount: $17166, Monthly Payment: $738', 'Used', 20575, 'Hannah Hall', 'Model C, V8 Engine', 'Certified Pre-Owned Warranty: 1 year/12,000 miles from purchase date, Powertrain: 5 years/60,000 miles', 'ABC106', 10085);
INSERT INTO BillOfSale (BillofSaleID, CopyRetained, CurrentMileage, Delivery, FinancingInfo, NewOrUsed, Price, SalespersonName, Specifications, WarrantyInfo, vehicleID, cusID) VALUES ('00001196', True, '153626', '2024-03-07', 'Financed through JPMorgan Chase, Loan Amount: $13135, Monthly Payment: $748', 'New', 24186, 'Alice Smith', 'Model B, V8 Engine', 'Powertrain Warranty: 7 years/100,000 miles, Emissions Warranty: 8 years/80,000 miles', 'ABC145', 10086);
INSERT INTO BillOfSale (BillofSaleID, CopyRetained, CurrentMileage, Delivery, FinancingInfo, NewOrUsed, Price, SalespersonName, Specifications, WarrantyInfo, vehicleID, cusID) VALUES ('00001197', False, '171194', '2024-03-31', 'Financed through U.S. Bank, Loan Amount: $15450, Monthly Payment: $239', 'Used', 16627, 'Eva White', 'Model B, V6 Engine', 'Basic Warranty: 4 years/50,000 miles, Powertrain: 6 years/100,000 miles, Roadside Assistance: 2 years/unlimited miles', 'ABC207', 10087);
INSERT INTO BillOfSale (BillofSaleID, CopyRetained, CurrentMileage, Delivery, FinancingInfo, NewOrUsed, Price, SalespersonName, Specifications, WarrantyInfo, vehicleID, cusID) VALUES ('00001198', True, '195226', '2024-07-10', 'Financed through USAA, Loan Amount: $5150, Monthly Payment: $772', 'New', 34072, 'Frank Harris', 'Model B, V6 Engine', 'Certified Pre-Owned Warranty: 1 year/12,000 miles from purchase date, Powertrain: 5 years/60,000 miles', 'ABC130', 10088);
INSERT INTO BillOfSale (BillofSaleID, CopyRetained, CurrentMileage, Delivery, FinancingInfo, NewOrUsed, Price, SalespersonName, Specifications, WarrantyInfo, vehicleID, cusID) VALUES ('00001199', False, '181582', '2024-04-21', 'Financed through Capital One, Loan Amount: $12091, Monthly Payment: $641', 'Used', 14601, 'Frank Harris', 'Model C, Electric Engine', 'Basic Warranty: 3 years/36,000 miles, Hybrid Battery: 8 years/100,000 miles', 'ABC195', 10089);
INSERT INTO BillOfSale (BillofSaleID, CopyRetained, CurrentMileage, Delivery, FinancingInfo, NewOrUsed, Price, SalespersonName, Specifications, WarrantyInfo, vehicleID, cusID) VALUES ('00001200', True, '148714', '2024-03-04', 'Financed through Citibank, Loan Amount: $31851, Monthly Payment: $585', 'New', 33453, 'Frank Harris', 'Model A, V8 Engine', 'Basic Warranty: 3 years/36,000 miles, Powertrain: 5 years/60,000 miles, Corrosion: 5 years/unlimited mileage', 'ABC122', 10090);
INSERT INTO BillOfSale (BillofSaleID, CopyRetained, CurrentMileage, Delivery, FinancingInfo, NewOrUsed, Price, SalespersonName, Specifications, WarrantyInfo, vehicleID, cusID) VALUES ('00001201', True, '151314', '2024-01-10', 'Financed through USAA, Loan Amount: $12627, Monthly Payment: $592', 'New', 37092, 'Ivy Young', 'Model B, V8 Engine', 'Certified Pre-Owned Warranty: 1 year/12,000 miles from purchase date, Powertrain: 5 years/60,000 miles', 'ABC122', 10091);
INSERT INTO BillOfSale (BillofSaleID, CopyRetained, CurrentMileage, Delivery, FinancingInfo, NewOrUsed, Price, SalespersonName, Specifications, WarrantyInfo, vehicleID, cusID) VALUES ('00001202', True, '7213', '2024-06-03', 'Financed through JPMorgan Chase, Loan Amount: $26997, Monthly Payment: $413', 'New', 27539, 'Ivy Young', 'Model B, Electric Engine', 'Certified Pre-Owned Warranty: 1 year/12,000 miles from purchase date, Powertrain: 5 years/60,000 miles', 'ABC110', 10092);
INSERT INTO BillOfSale (BillofSaleID, CopyRetained, CurrentMileage, Delivery, FinancingInfo, NewOrUsed, Price, SalespersonName, Specifications, WarrantyInfo, vehicleID, cusID) VALUES ('00001203', True, '125266', '2024-05-08', 'Financed through Citibank, Loan Amount: $8747, Monthly Payment: $713', 'Used', 21644, 'Eva White', 'Model C, V6 Engine', 'Certified Pre-Owned Warranty: 1 year/12,000 miles from purchase date, Powertrain: 5 years/60,000 miles', 'ABC127', 10093);
INSERT INTO BillOfSale (BillofSaleID, CopyRetained, CurrentMileage, Delivery, FinancingInfo, NewOrUsed, Price, SalespersonName, Specifications, WarrantyInfo, vehicleID, cusID) VALUES ('00001204', False, '136834', '2023-11-22', 'Financed through JPMorgan Chase, Loan Amount: $7248, Monthly Payment: $383', 'New', 13034, 'Ivy Young', 'Model B, Electric Engine', 'Basic Warranty: 3 years/36,000 miles, Hybrid Battery: 8 years/100,000 miles', 'ABC110', 10094);
INSERT INTO BillOfSale (BillofSaleID, CopyRetained, CurrentMileage, Delivery, FinancingInfo, NewOrUsed, Price, SalespersonName, Specifications, WarrantyInfo, vehicleID, cusID) VALUES ('00001205', False, '16564', '2024-01-02', 'Financed through Capital One, Loan Amount: $20695, Monthly Payment: $748', 'New', 24103, 'Joe Johnson', 'Model C, V6 Engine', 'Powertrain Warranty: 7 years/100,000 miles, Emissions Warranty: 8 years/80,000 miles', 'ABC117', 10095);
INSERT INTO BillOfSale (BillofSaleID, CopyRetained, CurrentMileage, Delivery, FinancingInfo, NewOrUsed, Price, SalespersonName, Specifications, WarrantyInfo, vehicleID, cusID) VALUES ('00001206', True, '63605', '2024-05-12', 'Financed through USAA, Loan Amount: $3544, Monthly Payment: $414', 'New', 15197, 'Grace Lewis', 'Model C, V6 Engine', 'Basic Warranty: 3 years/36,000 miles, Powertrain: 5 years/60,000 miles, Corrosion: 5 years/unlimited mileage', 'ABC209', 10096);
INSERT INTO BillOfSale (BillofSaleID, CopyRetained, CurrentMileage, Delivery, FinancingInfo, NewOrUsed, Price, SalespersonName, Specifications, WarrantyInfo, vehicleID, cusID) VALUES ('00001207', False, '69536', '2023-12-31', 'Financed through Citibank, Loan Amount: $26542, Monthly Payment: $656', 'New', 33721, 'Hannah Hall', 'Model B, V6 Engine', 'Certified Pre-Owned Warranty: 1 year/12,000 miles from purchase date, Powertrain: 5 years/60,000 miles', 'ABC154', 10097);
INSERT INTO BillOfSale (BillofSaleID, CopyRetained, CurrentMileage, Delivery, FinancingInfo, NewOrUsed, Price, SalespersonName, Specifications, WarrantyInfo, vehicleID, cusID) VALUES ('00001208', False, '111446', '2024-02-06', 'Financed through Bank of America, Loan Amount: $26403, Monthly Payment: $630', 'New', 49909, 'Eva White', 'Model C, V6 Engine', 'Powertrain Warranty: 7 years/100,000 miles, Emissions Warranty: 8 years/80,000 miles', 'ABC123', 10098);
INSERT INTO BillOfSale (BillofSaleID, CopyRetained, CurrentMileage, Delivery, FinancingInfo, NewOrUsed, Price, SalespersonName, Specifications, WarrantyInfo, vehicleID, cusID) VALUES ('00001209', True, '94018', '2024-10-26', 'Financed through Capital One, Loan Amount: $4639, Monthly Payment: $215', 'New', 6809, 'Grace Lewis', 'Model B, V8 Engine', 'Basic Warranty: 3 years/36,000 miles, Hybrid Battery: 8 years/100,000 miles', 'ABC193', 10099);
INSERT INTO BillOfSale (BillofSaleID, CopyRetained, CurrentMileage, Delivery, FinancingInfo, NewOrUsed, Price, SalespersonName, Specifications, WarrantyInfo, vehicleID, cusID) VALUES ('00001210', False, '111979', '2023-11-07', 'Financed through Capital One, Loan Amount: $34889, Monthly Payment: $159', 'New', 34935, 'Alice Smith', 'Model A, Electric Engine', 'Powertrain Warranty: 7 years/100,000 miles, Emissions Warranty: 8 years/80,000 miles', 'ABC116', 10100);
INSERT INTO BillOfSale (BillofSaleID, CopyRetained, CurrentMileage, Delivery, FinancingInfo, NewOrUsed, Price, SalespersonName, Specifications, WarrantyInfo, vehicleID, cusID) VALUES ('00001211', False, '43336', '2024-01-21', 'Financed through Capital One, Loan Amount: $9201, Monthly Payment: $676', 'Used', 34497, 'Eva White', 'Model C, Electric Engine', 'Basic Warranty: 3 years/36,000 miles, Hybrid Battery: 8 years/100,000 miles', 'ABC114', 10101);
INSERT INTO BillOfSale (BillofSaleID, CopyRetained, CurrentMileage, Delivery, FinancingInfo, NewOrUsed, Price, SalespersonName, Specifications, WarrantyInfo, vehicleID, cusID) VALUES ('00001212', False, '191477', '2024-04-07', 'Financed through Capital One, Loan Amount: $13464, Monthly Payment: $563', 'Used', 34816, 'Hannah Hall', 'Model C, V8 Engine', 'Basic Warranty: 3 years/36,000 miles, Powertrain: 5 years/60,000 miles, Corrosion: 5 years/unlimited mileage', 'ABC175', 10102);
INSERT INTO BillOfSale (BillofSaleID, CopyRetained, CurrentMileage, Delivery, FinancingInfo, NewOrUsed, Price, SalespersonName, Specifications, WarrantyInfo, vehicleID, cusID) VALUES ('00001213', False, '112141', '2024-06-29', 'Financed through Bank of America, Loan Amount: $17206, Monthly Payment: $682', 'New', 48430, 'Frank Harris', 'Model C, V6 Engine', 'Basic Warranty: 4 years/50,000 miles, Powertrain: 6 years/100,000 miles, Roadside Assistance: 2 years/unlimited miles', 'ABC122', 10103);
INSERT INTO BillOfSale (BillofSaleID, CopyRetained, CurrentMileage, Delivery, FinancingInfo, NewOrUsed, Price, SalespersonName, Specifications, WarrantyInfo, vehicleID, cusID) VALUES ('00001214', True, '36917', '2024-03-24', 'Financed through USAA, Loan Amount: $22440, Monthly Payment: $153', 'New', 33665, 'Grace Lewis', 'Model C, V8 Engine', 'Certified Pre-Owned Warranty: 1 year/12,000 miles from purchase date, Powertrain: 5 years/60,000 miles', 'ABC148', 10104);
INSERT INTO BillOfSale (BillofSaleID, CopyRetained, CurrentMileage, Delivery, FinancingInfo, NewOrUsed, Price, SalespersonName, Specifications, WarrantyInfo, vehicleID, cusID) VALUES ('00001215', True, '70849', '2024-04-25', 'Financed through Citibank, Loan Amount: $27556, Monthly Payment: $680', 'New', 44183, 'Frank Harris', 'Model C, Electric Engine', 'Basic Warranty: 4 years/50,000 miles, Powertrain: 6 years/100,000 miles, Roadside Assistance: 2 years/unlimited miles', 'ABC198', 10105);
INSERT INTO BillOfSale (BillofSaleID, CopyRetained, CurrentMileage, Delivery, FinancingInfo, NewOrUsed, Price, SalespersonName, Specifications, WarrantyInfo, vehicleID, cusID) VALUES ('00001216', True, '104531', '2024-06-10', 'Financed through Bank of America, Loan Amount: $5882, Monthly Payment: $766', 'Used', 14246, 'Ivy Young', 'Model A, V6 Engine', 'Certified Pre-Owned Warranty: 1 year/12,000 miles from purchase date, Powertrain: 5 years/60,000 miles', 'ABC166', 10106);
INSERT INTO BillOfSale (BillofSaleID, CopyRetained, CurrentMileage, Delivery, FinancingInfo, NewOrUsed, Price, SalespersonName, Specifications, WarrantyInfo, vehicleID, cusID) VALUES ('00001217', True, '97152', '2024-09-01', 'Financed through Bank of America, Loan Amount: $10503, Monthly Payment: $651', 'New', 17307, 'Hannah Hall', 'Model C, Electric Engine', 'Basic Warranty: 3 years/36,000 miles, Powertrain: 5 years/60,000 miles, Corrosion: 5 years/unlimited mileage', 'ABC110', 10107);
INSERT INTO BillOfSale (BillofSaleID, CopyRetained, CurrentMileage, Delivery, FinancingInfo, NewOrUsed, Price, SalespersonName, Specifications, WarrantyInfo, vehicleID, cusID) VALUES ('00001218', False, '118482', '2023-12-07', 'Financed through U.S. Bank, Loan Amount: $3179, Monthly Payment: $616', 'Used', 14411, 'Hannah Hall', 'Model A, Electric Engine', 'Powertrain Warranty: 7 years/100,000 miles, Emissions Warranty: 8 years/80,000 miles', 'ABC142', 10108);
INSERT INTO BillOfSale (BillofSaleID, CopyRetained, CurrentMileage, Delivery, FinancingInfo, NewOrUsed, Price, SalespersonName, Specifications, WarrantyInfo, vehicleID, cusID) VALUES ('00001219', True, '153133', '2024-04-05', 'Financed through Citibank, Loan Amount: $21728, Monthly Payment: $385', 'New', 26002, 'Frank Harris', 'Model C, V6 Engine', 'Basic Warranty: 4 years/50,000 miles, Powertrain: 6 years/100,000 miles, Roadside Assistance: 2 years/unlimited miles', 'ABC169', 10109);
INSERT INTO BillOfSale (BillofSaleID, CopyRetained, CurrentMileage, Delivery, FinancingInfo, NewOrUsed, Price, SalespersonName, Specifications, WarrantyInfo, vehicleID, cusID) VALUES ('00001220', False, '183070', '2023-11-15', 'Financed through Bank of America, Loan Amount: $21469, Monthly Payment: $369', 'New', 33170, 'David Wilson', 'Model B, V8 Engine', 'Basic Warranty: 3 years/36,000 miles, Hybrid Battery: 8 years/100,000 miles', 'ABC161', 10110);



INSERT INTO InsuranceandTax (LPnum, DateReleasedToOwner, LicenseFee, proofOfInsurance, StateSalesTax, BillOfSaleID) VALUES ('KKM9590', '2024-07-02', 462, 'Progressive Policy #75003770', '6.25%', '00001156');
INSERT INTO InsuranceandTax (LPnum, DateReleasedToOwner, LicenseFee, proofOfInsurance, StateSalesTax, BillOfSaleID) VALUES ('NLV4717', '2023-11-10', 434, 'Geico Policy #74212594', '6.25%', '00001210');
INSERT INTO InsuranceandTax (LPnum, DateReleasedToOwner, LicenseFee, proofOfInsurance, StateSalesTax, BillOfSaleID) VALUES ('NZC7474', '2024-09-14', 79, 'Geico Policy #37091484', '6.25%', '00001194');
INSERT INTO InsuranceandTax (LPnum, DateReleasedToOwner, LicenseFee, proofOfInsurance, StateSalesTax, BillOfSaleID) VALUES ('ZXJ5132', '2024-02-20', 77, 'FarmersInsurance Policy #72308475', '6.25%', '00001147');
INSERT INTO InsuranceandTax (LPnum, DateReleasedToOwner, LicenseFee, proofOfInsurance, StateSalesTax, BillOfSaleID) VALUES ('FVM5619', '2024-03-15', 284, 'StateFarm Policy #96797183', '6.25%', '00001157');
INSERT INTO InsuranceandTax (LPnum, DateReleasedToOwner, LicenseFee, proofOfInsurance, StateSalesTax, BillOfSaleID) VALUES ('NDQ7802', '2024-03-30', 420, 'StateFarm Policy #34225930', '6.25%', '00001166');
INSERT INTO InsuranceandTax (LPnum, DateReleasedToOwner, LicenseFee, proofOfInsurance, StateSalesTax, BillOfSaleID) VALUES ('QZI4866', '2024-05-12', 431, 'LibertyMutual Policy #83968983', '6.25%', '00001119');
INSERT INTO InsuranceandTax (LPnum, DateReleasedToOwner, LicenseFee, proofOfInsurance, StateSalesTax, BillOfSaleID) VALUES ('QMC9581', '2024-06-07', 459, 'Geico Policy #56780487', '6.25%', '00001142');
INSERT INTO InsuranceandTax (LPnum, DateReleasedToOwner, LicenseFee, proofOfInsurance, StateSalesTax, BillOfSaleID) VALUES ('OPK3415', '2024-02-14', 312, 'Progressive Policy #43830120', '6.25%', '00001172');
INSERT INTO InsuranceandTax (LPnum, DateReleasedToOwner, LicenseFee, proofOfInsurance, StateSalesTax, BillOfSaleID) VALUES ('XUG7743', '2024-02-03', 119, 'StateFarm Policy #76875153', '6.25%', '00001217');
INSERT INTO InsuranceandTax (LPnum, DateReleasedToOwner, LicenseFee, proofOfInsurance, StateSalesTax, BillOfSaleID) VALUES ('VWK3255', '2024-06-24', 392, 'FarmersInsurance Policy #74491222', '6.25%', '00001151');
INSERT INTO InsuranceandTax (LPnum, DateReleasedToOwner, LicenseFee, proofOfInsurance, StateSalesTax, BillOfSaleID) VALUES ('HDR1068', '2023-11-24', 78, 'Nationwide Policy #52121398', '6.25%', '00001126');
INSERT INTO InsuranceandTax (LPnum, DateReleasedToOwner, LicenseFee, proofOfInsurance, StateSalesTax, BillOfSaleID) VALUES ('VMR1194', '2024-05-05', 132, 'StateFarm Policy #55968666', '6.25%', '00001149');
INSERT INTO InsuranceandTax (LPnum, DateReleasedToOwner, LicenseFee, proofOfInsurance, StateSalesTax, BillOfSaleID) VALUES ('OSB8728', '2024-08-30', 172, 'Geico Policy #79472345', '6.25%', '00001148');
INSERT INTO InsuranceandTax (LPnum, DateReleasedToOwner, LicenseFee, proofOfInsurance, StateSalesTax, BillOfSaleID) VALUES ('NKT7271', '2024-08-06', 271, 'Geico Policy #68617711', '6.25%', '00001189');
INSERT INTO InsuranceandTax (LPnum, DateReleasedToOwner, LicenseFee, proofOfInsurance, StateSalesTax, BillOfSaleID) VALUES ('LNZ8013', '2024-03-29', 495, 'Progressive Policy #69067713', '6.25%', '00001157');
INSERT INTO InsuranceandTax (LPnum, DateReleasedToOwner, LicenseFee, proofOfInsurance, StateSalesTax, BillOfSaleID) VALUES ('BQT7403', '2024-04-16', 338, 'Nationwide Policy #71532856', '6.25%', '00001150');
INSERT INTO InsuranceandTax (LPnum, DateReleasedToOwner, LicenseFee, proofOfInsurance, StateSalesTax, BillOfSaleID) VALUES ('HWZ1167', '2024-01-28', 395, 'Nationwide Policy #97913975', '6.25%', '00001152');
INSERT INTO InsuranceandTax (LPnum, DateReleasedToOwner, LicenseFee, proofOfInsurance, StateSalesTax, BillOfSaleID) VALUES ('QBG9803', '2024-01-21', 213, 'FarmersInsurance Policy #45256061', '6.25%', '00001193');
INSERT INTO InsuranceandTax (LPnum, DateReleasedToOwner, LicenseFee, proofOfInsurance, StateSalesTax, BillOfSaleID) VALUES ('QIM6844', '2024-03-17', 97, 'LibertyMutual Policy #97245911', '6.25%', '00001120');
INSERT INTO InsuranceandTax (LPnum, DateReleasedToOwner, LicenseFee, proofOfInsurance, StateSalesTax, BillOfSaleID) VALUES ('XLT1340', '2024-07-21', 370, 'Progressive Policy #31519480', '6.25%', '00001201');
INSERT INTO InsuranceandTax (LPnum, DateReleasedToOwner, LicenseFee, proofOfInsurance, StateSalesTax, BillOfSaleID) VALUES ('UAE1054', '2024-08-20', 178, 'Geico Policy #20466609', '6.25%', '00001208');
INSERT INTO InsuranceandTax (LPnum, DateReleasedToOwner, LicenseFee, proofOfInsurance, StateSalesTax, BillOfSaleID) VALUES ('KPB6290', '2024-01-06', 126, 'LibertyMutual Policy #68913078', '6.25%', '00001220');
INSERT INTO InsuranceandTax (LPnum, DateReleasedToOwner, LicenseFee, proofOfInsurance, StateSalesTax, BillOfSaleID) VALUES ('VWU9236', '2024-07-12', 281, 'AllState Policy #77626003', '6.25%', '00001122');
INSERT INTO InsuranceandTax (LPnum, DateReleasedToOwner, LicenseFee, proofOfInsurance, StateSalesTax, BillOfSaleID) VALUES ('EKT9982', '2023-11-12', 388, 'FarmersInsurance Policy #92824916', '6.25%', '00001167');
INSERT INTO InsuranceandTax (LPnum, DateReleasedToOwner, LicenseFee, proofOfInsurance, StateSalesTax, BillOfSaleID) VALUES ('YEB2474', '2024-05-13', 62, 'Progressive Policy #78914047', '6.25%', '00001207');
INSERT INTO InsuranceandTax (LPnum, DateReleasedToOwner, LicenseFee, proofOfInsurance, StateSalesTax, BillOfSaleID) VALUES ('THA9335', '2024-03-25', 323, 'LibertyMutual Policy #57981470', '6.25%', '00001218');
INSERT INTO InsuranceandTax (LPnum, DateReleasedToOwner, LicenseFee, proofOfInsurance, StateSalesTax, BillOfSaleID) VALUES ('TLU8407', '2023-11-08', 366, 'Nationwide Policy #15270894', '6.25%', '00001188');
INSERT INTO InsuranceandTax (LPnum, DateReleasedToOwner, LicenseFee, proofOfInsurance, StateSalesTax, BillOfSaleID) VALUES ('EVW1621', '2024-01-31', 50, 'AllState Policy #46098128', '6.25%', '00001161');
INSERT INTO InsuranceandTax (LPnum, DateReleasedToOwner, LicenseFee, proofOfInsurance, StateSalesTax, BillOfSaleID) VALUES ('AUT6622', '2024-05-10', 224, 'LibertyMutual Policy #24653174', '6.25%', '00001215');
INSERT INTO InsuranceandTax (LPnum, DateReleasedToOwner, LicenseFee, proofOfInsurance, StateSalesTax, BillOfSaleID) VALUES ('CSL5643', '2024-02-09', 223, 'LibertyMutual Policy #98185565', '6.25%', '00001172');
INSERT INTO InsuranceandTax (LPnum, DateReleasedToOwner, LicenseFee, proofOfInsurance, StateSalesTax, BillOfSaleID) VALUES ('IDL6435', '2024-02-15', 136, 'StateFarm Policy #70554453', '6.25%', '00001130');
INSERT INTO InsuranceandTax (LPnum, DateReleasedToOwner, LicenseFee, proofOfInsurance, StateSalesTax, BillOfSaleID) VALUES ('TOE9837', '2024-02-06', 122, 'FarmersInsurance Policy #96989216', '6.25%', '00001205');
INSERT INTO InsuranceandTax (LPnum, DateReleasedToOwner, LicenseFee, proofOfInsurance, StateSalesTax, BillOfSaleID) VALUES ('OWQ3535', '2023-12-20', 76, 'FarmersInsurance Policy #41227078', '6.25%', '00001125');
INSERT INTO InsuranceandTax (LPnum, DateReleasedToOwner, LicenseFee, proofOfInsurance, StateSalesTax, BillOfSaleID) VALUES ('XDD8125', '2024-03-10', 236, 'Geico Policy #25252636', '6.25%', '00001182');
INSERT INTO InsuranceandTax (LPnum, DateReleasedToOwner, LicenseFee, proofOfInsurance, StateSalesTax, BillOfSaleID) VALUES ('UAL1358', '2024-09-08', 67, 'Geico Policy #12410045', '6.25%', '00001176');
INSERT INTO InsuranceandTax (LPnum, DateReleasedToOwner, LicenseFee, proofOfInsurance, StateSalesTax, BillOfSaleID) VALUES ('YAB5241', '2024-03-07', 497, 'Progressive Policy #55141759', '6.25%', '00001143');
INSERT INTO InsuranceandTax (LPnum, DateReleasedToOwner, LicenseFee, proofOfInsurance, StateSalesTax, BillOfSaleID) VALUES ('YNB4639', '2024-08-11', 339, 'Nationwide Policy #18185687', '6.25%', '00001140');
INSERT INTO InsuranceandTax (LPnum, DateReleasedToOwner, LicenseFee, proofOfInsurance, StateSalesTax, BillOfSaleID) VALUES ('HXD4939', '2024-03-24', 494, 'Nationwide Policy #82144369', '6.25%', '00001168');
INSERT INTO InsuranceandTax (LPnum, DateReleasedToOwner, LicenseFee, proofOfInsurance, StateSalesTax, BillOfSaleID) VALUES ('UTC5208', '2024-03-23', 222, 'Progressive Policy #82142889', '6.25%', '00001213');
INSERT INTO InsuranceandTax (LPnum, DateReleasedToOwner, LicenseFee, proofOfInsurance, StateSalesTax, BillOfSaleID) VALUES ('WFD5824', '2024-02-04', 76, 'AllState Policy #10552651', '6.25%', '00001181');
INSERT INTO InsuranceandTax (LPnum, DateReleasedToOwner, LicenseFee, proofOfInsurance, StateSalesTax, BillOfSaleID) VALUES ('RVT4224', '2024-05-25', 68, 'Nationwide Policy #39282045', '6.25%', '00001174');
INSERT INTO InsuranceandTax (LPnum, DateReleasedToOwner, LicenseFee, proofOfInsurance, StateSalesTax, BillOfSaleID) VALUES ('GSB7192', '2024-09-13', 71, 'Nationwide Policy #21088311', '6.25%', '00001204');
INSERT INTO InsuranceandTax (LPnum, DateReleasedToOwner, LicenseFee, proofOfInsurance, StateSalesTax, BillOfSaleID) VALUES ('RYO1470', '2024-06-10', 331, 'Nationwide Policy #44619297', '6.25%', '00001208');
INSERT INTO InsuranceandTax (LPnum, DateReleasedToOwner, LicenseFee, proofOfInsurance, StateSalesTax, BillOfSaleID) VALUES ('RXE1423', '2024-02-07', 393, 'FarmersInsurance Policy #64787033', '6.25%', '00001137');
INSERT INTO InsuranceandTax (LPnum, DateReleasedToOwner, LicenseFee, proofOfInsurance, StateSalesTax, BillOfSaleID) VALUES ('DUS6298', '2024-07-19', 311, 'StateFarm Policy #83008554', '6.25%', '00001219');
INSERT INTO InsuranceandTax (LPnum, DateReleasedToOwner, LicenseFee, proofOfInsurance, StateSalesTax, BillOfSaleID) VALUES ('UCI4711', '2024-03-11', 177, 'AllState Policy #79142252', '6.25%', '00001175');
INSERT INTO InsuranceandTax (LPnum, DateReleasedToOwner, LicenseFee, proofOfInsurance, StateSalesTax, BillOfSaleID) VALUES ('JDJ4488', '2024-09-13', 289, 'FarmersInsurance Policy #59616575', '6.25%', '00001183');
INSERT INTO InsuranceandTax (LPnum, DateReleasedToOwner, LicenseFee, proofOfInsurance, StateSalesTax, BillOfSaleID) VALUES ('WMM6172', '2024-07-29', 485, 'Nationwide Policy #39789698', '6.25%', '00001185');
INSERT INTO InsuranceandTax (LPnum, DateReleasedToOwner, LicenseFee, proofOfInsurance, StateSalesTax, BillOfSaleID) VALUES ('KMK5723', '2024-05-08', 154, 'FarmersInsurance Policy #15272462', '6.25%', '00001209');
INSERT INTO InsuranceandTax (LPnum, DateReleasedToOwner, LicenseFee, proofOfInsurance, StateSalesTax, BillOfSaleID) VALUES ('TZS8967', '2024-01-22', 303, 'StateFarm Policy #53979995', '6.25%', '00001170');
INSERT INTO InsuranceandTax (LPnum, DateReleasedToOwner, LicenseFee, proofOfInsurance, StateSalesTax, BillOfSaleID) VALUES ('CCQ6627', '2024-06-13', 88, 'StateFarm Policy #13713052', '6.25%', '00001137');
INSERT INTO InsuranceandTax (LPnum, DateReleasedToOwner, LicenseFee, proofOfInsurance, StateSalesTax, BillOfSaleID) VALUES ('MPE5016', '2024-01-08', 193, 'StateFarm Policy #64978167', '6.25%', '00001125');
INSERT INTO InsuranceandTax (LPnum, DateReleasedToOwner, LicenseFee, proofOfInsurance, StateSalesTax, BillOfSaleID) VALUES ('YOU2308', '2024-03-30', 366, 'StateFarm Policy #31512232', '6.25%', '00001157');
INSERT INTO InsuranceandTax (LPnum, DateReleasedToOwner, LicenseFee, proofOfInsurance, StateSalesTax, BillOfSaleID) VALUES ('ACL6878', '2024-02-03', 109, 'Nationwide Policy #63963136', '6.25%', '00001122');
INSERT INTO InsuranceandTax (LPnum, DateReleasedToOwner, LicenseFee, proofOfInsurance, StateSalesTax, BillOfSaleID) VALUES ('WYH3506', '2023-12-30', 167, 'AllState Policy #83014406', '6.25%', '00001148');
INSERT INTO InsuranceandTax (LPnum, DateReleasedToOwner, LicenseFee, proofOfInsurance, StateSalesTax, BillOfSaleID) VALUES ('BPU2170', '2024-08-25', 205, 'Nationwide Policy #45002638', '6.25%', '00001145');
INSERT INTO InsuranceandTax (LPnum, DateReleasedToOwner, LicenseFee, proofOfInsurance, StateSalesTax, BillOfSaleID) VALUES ('WQT9393', '2024-04-30', 109, 'Nationwide Policy #33164091', '6.25%', '00001126');
INSERT INTO InsuranceandTax (LPnum, DateReleasedToOwner, LicenseFee, proofOfInsurance, StateSalesTax, BillOfSaleID) VALUES ('ZJZ4881', '2024-10-13', 150, 'FarmersInsurance Policy #63948754', '6.25%', '00001205');
INSERT INTO InsuranceandTax (LPnum, DateReleasedToOwner, LicenseFee, proofOfInsurance, StateSalesTax, BillOfSaleID) VALUES ('VBX3998', '2024-07-09', 121, 'Progressive Policy #22878185', '6.25%', '00001176');
INSERT INTO InsuranceandTax (LPnum, DateReleasedToOwner, LicenseFee, proofOfInsurance, StateSalesTax, BillOfSaleID) VALUES ('QWN5888', '2023-12-12', 84, 'StateFarm Policy #25163627', '6.25%', '00001194');
INSERT INTO InsuranceandTax (LPnum, DateReleasedToOwner, LicenseFee, proofOfInsurance, StateSalesTax, BillOfSaleID) VALUES ('XIT8014', '2024-06-14', 151, 'FarmersInsurance Policy #83554304', '6.25%', '00001198');
INSERT INTO InsuranceandTax (LPnum, DateReleasedToOwner, LicenseFee, proofOfInsurance, StateSalesTax, BillOfSaleID) VALUES ('EWT6811', '2024-08-05', 408, 'Geico Policy #31079611', '6.25%', '00001218');
INSERT INTO InsuranceandTax (LPnum, DateReleasedToOwner, LicenseFee, proofOfInsurance, StateSalesTax, BillOfSaleID) VALUES ('ZTH8414', '2024-03-31', 326, 'LibertyMutual Policy #77945057', '6.25%', '00001180');
INSERT INTO InsuranceandTax (LPnum, DateReleasedToOwner, LicenseFee, proofOfInsurance, StateSalesTax, BillOfSaleID) VALUES ('TQX8569', '2024-03-06', 469, 'StateFarm Policy #17082954', '6.25%', '00001156');
INSERT INTO InsuranceandTax (LPnum, DateReleasedToOwner, LicenseFee, proofOfInsurance, StateSalesTax, BillOfSaleID) VALUES ('HZH6815', '2024-10-22', 420, 'Geico Policy #89041881', '6.25%', '00001153');
INSERT INTO InsuranceandTax (LPnum, DateReleasedToOwner, LicenseFee, proofOfInsurance, StateSalesTax, BillOfSaleID) VALUES ('WNY6369', '2024-05-25', 180, 'FarmersInsurance Policy #45881271', '6.25%', '00001217');
INSERT INTO InsuranceandTax (LPnum, DateReleasedToOwner, LicenseFee, proofOfInsurance, StateSalesTax, BillOfSaleID) VALUES ('BHM7394', '2024-01-30', 172, 'Progressive Policy #65394864', '6.25%', '00001218');
INSERT INTO InsuranceandTax (LPnum, DateReleasedToOwner, LicenseFee, proofOfInsurance, StateSalesTax, BillOfSaleID) VALUES ('EVR1537', '2024-07-31', 355, 'Geico Policy #27460394', '6.25%', '00001213');
INSERT INTO InsuranceandTax (LPnum, DateReleasedToOwner, LicenseFee, proofOfInsurance, StateSalesTax, BillOfSaleID) VALUES ('WYV2491', '2024-04-08', 363, 'LibertyMutual Policy #57336083', '6.25%', '00001141');
INSERT INTO InsuranceandTax (LPnum, DateReleasedToOwner, LicenseFee, proofOfInsurance, StateSalesTax, BillOfSaleID) VALUES ('SIL9769', '2024-04-10', 318, 'StateFarm Policy #95232137', '6.25%', '00001171');
INSERT INTO InsuranceandTax (LPnum, DateReleasedToOwner, LicenseFee, proofOfInsurance, StateSalesTax, BillOfSaleID) VALUES ('ATA7542', '2024-06-26', 486, 'Geico Policy #75140588', '6.25%', '00001142');
INSERT INTO InsuranceandTax (LPnum, DateReleasedToOwner, LicenseFee, proofOfInsurance, StateSalesTax, BillOfSaleID) VALUES ('HYH6458', '2024-10-01', 391, 'Geico Policy #12883182', '6.25%', '00001203');
INSERT INTO InsuranceandTax (LPnum, DateReleasedToOwner, LicenseFee, proofOfInsurance, StateSalesTax, BillOfSaleID) VALUES ('SDN2497', '2024-01-17', 277, 'AllState Policy #31397413', '6.25%', '00001147');
INSERT INTO InsuranceandTax (LPnum, DateReleasedToOwner, LicenseFee, proofOfInsurance, StateSalesTax, BillOfSaleID) VALUES ('XLK7282', '2024-09-27', 291, 'Geico Policy #53082263', '6.25%', '00001193');
INSERT INTO InsuranceandTax (LPnum, DateReleasedToOwner, LicenseFee, proofOfInsurance, StateSalesTax, BillOfSaleID) VALUES ('JXR5129', '2024-03-13', 147, 'Progressive Policy #15808861', '6.25%', '00001189');
INSERT INTO InsuranceandTax (LPnum, DateReleasedToOwner, LicenseFee, proofOfInsurance, StateSalesTax, BillOfSaleID) VALUES ('ZAB7970', '2024-04-14', 316, 'LibertyMutual Policy #71011502', '6.25%', '00001130');
INSERT INTO InsuranceandTax (LPnum, DateReleasedToOwner, LicenseFee, proofOfInsurance, StateSalesTax, BillOfSaleID) VALUES ('PSV7857', '2023-11-18', 74, 'AllState Policy #29393726', '6.25%', '00001114');
INSERT INTO InsuranceandTax (LPnum, DateReleasedToOwner, LicenseFee, proofOfInsurance, StateSalesTax, BillOfSaleID) VALUES ('DLO3275', '2024-02-23', 366, 'Progressive Policy #38650140', '6.25%', '00001111');
INSERT INTO InsuranceandTax (LPnum, DateReleasedToOwner, LicenseFee, proofOfInsurance, StateSalesTax, BillOfSaleID) VALUES ('KNT5331', '2023-12-29', 395, 'StateFarm Policy #37384689', '6.25%', '00001212');
INSERT INTO InsuranceandTax (LPnum, DateReleasedToOwner, LicenseFee, proofOfInsurance, StateSalesTax, BillOfSaleID) VALUES ('LVJ9442', '2024-05-08', 402, 'AllState Policy #64147619', '6.25%', '00001206');
INSERT INTO InsuranceandTax (LPnum, DateReleasedToOwner, LicenseFee, proofOfInsurance, StateSalesTax, BillOfSaleID) VALUES ('UFH4279', '2024-10-23', 416, 'AllState Policy #73305489', '6.25%', '00001143');
INSERT INTO InsuranceandTax (LPnum, DateReleasedToOwner, LicenseFee, proofOfInsurance, StateSalesTax, BillOfSaleID) VALUES ('STQ4349', '2023-11-18', 262, 'Nationwide Policy #84715397', '6.25%', '00001144');
INSERT INTO InsuranceandTax (LPnum, DateReleasedToOwner, LicenseFee, proofOfInsurance, StateSalesTax, BillOfSaleID) VALUES ('EQC2792', '2024-02-23', 140, 'LibertyMutual Policy #41822237', '6.25%', '00001127');
INSERT INTO InsuranceandTax (LPnum, DateReleasedToOwner, LicenseFee, proofOfInsurance, StateSalesTax, BillOfSaleID) VALUES ('MFU7121', '2024-08-28', 315, 'LibertyMutual Policy #43976030', '6.25%', '00001144');
INSERT INTO InsuranceandTax (LPnum, DateReleasedToOwner, LicenseFee, proofOfInsurance, StateSalesTax, BillOfSaleID) VALUES ('IIF8021', '2023-12-11', 67, 'Geico Policy #38264123', '6.25%', '00001205');
INSERT INTO InsuranceandTax (LPnum, DateReleasedToOwner, LicenseFee, proofOfInsurance, StateSalesTax, BillOfSaleID) VALUES ('OFD2493', '2024-04-11', 158, 'LibertyMutual Policy #64401489', '6.25%', '00001184');
INSERT INTO InsuranceandTax (LPnum, DateReleasedToOwner, LicenseFee, proofOfInsurance, StateSalesTax, BillOfSaleID) VALUES ('OCI3113', '2024-04-01', 220, 'Geico Policy #12572142', '6.25%', '00001157');
INSERT INTO InsuranceandTax (LPnum, DateReleasedToOwner, LicenseFee, proofOfInsurance, StateSalesTax, BillOfSaleID) VALUES ('BOR2931', '2024-08-26', 118, 'Nationwide Policy #12408530', '6.25%', '00001153');
INSERT INTO InsuranceandTax (LPnum, DateReleasedToOwner, LicenseFee, proofOfInsurance, StateSalesTax, BillOfSaleID) VALUES ('YDD7084', '2024-10-30', 190, 'Geico Policy #43337407', '6.25%', '00001147');
INSERT INTO InsuranceandTax (LPnum, DateReleasedToOwner, LicenseFee, proofOfInsurance, StateSalesTax, BillOfSaleID) VALUES ('QGL2617', '2024-02-07', 450, 'FarmersInsurance Policy #28116627', '6.25%', '00001216');
INSERT INTO InsuranceandTax (LPnum, DateReleasedToOwner, LicenseFee, proofOfInsurance, StateSalesTax, BillOfSaleID) VALUES ('ZTJ4757', '2023-12-18', 94, 'Progressive Policy #15893346', '6.25%', '00001165');
INSERT INTO InsuranceandTax (LPnum, DateReleasedToOwner, LicenseFee, proofOfInsurance, StateSalesTax, BillOfSaleID) VALUES ('AOI1143', '2024-07-20', 174, 'Nationwide Policy #19060790', '6.25%', '00001199');
INSERT INTO InsuranceandTax (LPnum, DateReleasedToOwner, LicenseFee, proofOfInsurance, StateSalesTax, BillOfSaleID) VALUES ('GLM7610', '2024-03-11', 368, 'Progressive Policy #34291284', '6.25%', '00001184');
INSERT INTO InsuranceandTax (LPnum, DateReleasedToOwner, LicenseFee, proofOfInsurance, StateSalesTax, BillOfSaleID) VALUES ('NYE5653', '2024-01-04', 360, 'Nationwide Policy #92990901', '6.25%', '00001133');
INSERT INTO InsuranceandTax (LPnum, DateReleasedToOwner, LicenseFee, proofOfInsurance, StateSalesTax, BillOfSaleID) VALUES ('YVM6910', '2024-10-24', 247, 'Progressive Policy #81656111', '6.25%', '00001211');
INSERT INTO InsuranceandTax (LPnum, DateReleasedToOwner, LicenseFee, proofOfInsurance, StateSalesTax, BillOfSaleID) VALUES ('CLG1592', '2024-11-02', 100, 'Progressive Policy #98747246', '6.25%', '00001154');
INSERT INTO InsuranceandTax (LPnum, DateReleasedToOwner, LicenseFee, proofOfInsurance, StateSalesTax, BillOfSaleID) VALUES ('UAM2053', '2023-11-08', 463, 'FarmersInsurance Policy #93461679', '6.25%', '00001146');
INSERT INTO InsuranceandTax (LPnum, DateReleasedToOwner, LicenseFee, proofOfInsurance, StateSalesTax, BillOfSaleID) VALUES ('OVJ7098', '2024-08-16', 293, 'Progressive Policy #90590458', '6.25%', '00001185');
INSERT INTO InsuranceandTax (LPnum, DateReleasedToOwner, LicenseFee, proofOfInsurance, StateSalesTax, BillOfSaleID) VALUES ('WQA1663', '2024-02-14', 231, 'LibertyMutual Policy #23854982', '6.25%', '00001202');
INSERT INTO InsuranceandTax (LPnum, DateReleasedToOwner, LicenseFee, proofOfInsurance, StateSalesTax, BillOfSaleID) VALUES ('HGS9449', '2024-05-18', 404, 'Nationwide Policy #53589677', '6.25%', '00001144');
INSERT INTO InsuranceandTax (LPnum, DateReleasedToOwner, LicenseFee, proofOfInsurance, StateSalesTax, BillOfSaleID) VALUES ('WWN6443', '2024-03-14', 316, 'FarmersInsurance Policy #69762317', '6.25%', '00001157');
INSERT INTO InsuranceandTax (LPnum, DateReleasedToOwner, LicenseFee, proofOfInsurance, StateSalesTax, BillOfSaleID) VALUES ('XMH2262', '2024-08-21', 196, 'StateFarm Policy #29833475', '6.25%', '00001165');
INSERT INTO InsuranceandTax (LPnum, DateReleasedToOwner, LicenseFee, proofOfInsurance, StateSalesTax, BillOfSaleID) VALUES ('WRD1732', '2024-04-23', 186, 'AllState Policy #15443511', '6.25%', '00001188');
INSERT INTO InsuranceandTax (LPnum, DateReleasedToOwner, LicenseFee, proofOfInsurance, StateSalesTax, BillOfSaleID) VALUES ('EEP4263', '2024-01-30', 294, 'Nationwide Policy #31308500', '6.25%', '00001139');
INSERT INTO InsuranceandTax (LPnum, DateReleasedToOwner, LicenseFee, proofOfInsurance, StateSalesTax, BillOfSaleID) VALUES ('KKP7668', '2024-06-16', 393, 'FarmersInsurance Policy #80661994', '6.25%', '00001160');
INSERT INTO InsuranceandTax (LPnum, DateReleasedToOwner, LicenseFee, proofOfInsurance, StateSalesTax, BillOfSaleID) VALUES ('YJF1221', '2024-08-21', 182, 'LibertyMutual Policy #24145184', '6.25%', '00001130');
INSERT INTO InsuranceandTax (LPnum, DateReleasedToOwner, LicenseFee, proofOfInsurance, StateSalesTax, BillOfSaleID) VALUES ('UWK7952', '2024-06-15', 89, 'Geico Policy #93977626', '6.25%', '00001151');
INSERT INTO InsuranceandTax (LPnum, DateReleasedToOwner, LicenseFee, proofOfInsurance, StateSalesTax, BillOfSaleID) VALUES ('BIA1862', '2024-07-13', 274, 'StateFarm Policy #35067349', '6.25%', '00001199');
INSERT INTO InsuranceandTax (LPnum, DateReleasedToOwner, LicenseFee, proofOfInsurance, StateSalesTax, BillOfSaleID) VALUES ('DVQ7592', '2024-01-11', 432, 'StateFarm Policy #33049887', '6.25%', '00001163');



INSERT INTO salesreport (ReportID, CommissionEarned, ReportFrequency, SalesData, cusID, BillofSaleID) VALUES ('J68305', 712, 'Quarterly', 'Sale data for Report 1, total sales: $4432', 10001, '00001191');
INSERT INTO salesreport (ReportID, CommissionEarned, ReportFrequency, SalesData, cusID, BillofSaleID) VALUES ('G98636', 2150, 'Quarterly', 'Sale data for Report 2, total sales: $15032', 10002, '00001182');
INSERT INTO salesreport (ReportID, CommissionEarned, ReportFrequency, SalesData, cusID, BillofSaleID) VALUES ('V14059', 1326, 'Weekly', 'Sale data for Report 3, total sales: $1906', 10003, '00001134');
INSERT INTO salesreport (ReportID, CommissionEarned, ReportFrequency, SalesData, cusID, BillofSaleID) VALUES ('X45289', 2058, 'Monthly', 'Sale data for Report 4, total sales: $10595', 10004, '00001181');
INSERT INTO salesreport (ReportID, CommissionEarned, ReportFrequency, SalesData, cusID, BillofSaleID) VALUES ('F78746', 3173, 'Weekly', 'Sale data for Report 5, total sales: $5302', 10005, '00001205');
INSERT INTO salesreport (ReportID, CommissionEarned, ReportFrequency, SalesData, cusID, BillofSaleID) VALUES ('O74812', 4955, 'Weekly', 'Sale data for Report 6, total sales: $14428', 10006, '00001134');
INSERT INTO salesreport (ReportID, CommissionEarned, ReportFrequency, SalesData, cusID, BillofSaleID) VALUES ('H26451', 1054, 'Weekly', 'Sale data for Report 7, total sales: $19247', 10007, '00001194');
INSERT INTO salesreport (ReportID, CommissionEarned, ReportFrequency, SalesData, cusID, BillofSaleID) VALUES ('Z32952', 1958, 'Daily', 'Sale data for Report 8, total sales: $7621', 10008, '00001190');
INSERT INTO salesreport (ReportID, CommissionEarned, ReportFrequency, SalesData, cusID, BillofSaleID) VALUES ('S58317', 3333, 'Monthly', 'Sale data for Report 9, total sales: $19703', 10009, '00001148');
INSERT INTO salesreport (ReportID, CommissionEarned, ReportFrequency, SalesData, cusID, BillofSaleID) VALUES ('R36631', 4425, 'Monthly', 'Sale data for Report 10, total sales: $18037', 10010, '00001169');
INSERT INTO salesreport (ReportID, CommissionEarned, ReportFrequency, SalesData, cusID, BillofSaleID) VALUES ('B53490', 1912, 'Quarterly', 'Sale data for Report 11, total sales: $12875', 10011, '00001171');
INSERT INTO salesreport (ReportID, CommissionEarned, ReportFrequency, SalesData, cusID, BillofSaleID) VALUES ('W13861', 1625, 'Annually', 'Sale data for Report 12, total sales: $18876', 10012, '00001197');
INSERT INTO salesreport (ReportID, CommissionEarned, ReportFrequency, SalesData, cusID, BillofSaleID) VALUES ('R81240', 4086, 'Quarterly', 'Sale data for Report 13, total sales: $6765', 10013, '00001152');
INSERT INTO salesreport (ReportID, CommissionEarned, ReportFrequency, SalesData, cusID, BillofSaleID) VALUES ('O72995', 1608, 'Quarterly', 'Sale data for Report 14, total sales: $6050', 10014, '00001211');
INSERT INTO salesreport (ReportID, CommissionEarned, ReportFrequency, SalesData, cusID, BillofSaleID) VALUES ('Q13043', 3375, 'Monthly', 'Sale data for Report 15, total sales: $17291', 10015, '00001191');
INSERT INTO salesreport (ReportID, CommissionEarned, ReportFrequency, SalesData, cusID, BillofSaleID) VALUES ('Z92329', 1005, 'Weekly', 'Sale data for Report 16, total sales: $15184', 10016, '00001119');
INSERT INTO salesreport (ReportID, CommissionEarned, ReportFrequency, SalesData, cusID, BillofSaleID) VALUES ('V39914', 880, 'Annually', 'Sale data for Report 17, total sales: $17914', 10017, '00001119');
INSERT INTO salesreport (ReportID, CommissionEarned, ReportFrequency, SalesData, cusID, BillofSaleID) VALUES ('O63240', 1202, 'Quarterly', 'Sale data for Report 18, total sales: $7334', 10018, '00001131');
INSERT INTO salesreport (ReportID, CommissionEarned, ReportFrequency, SalesData, cusID, BillofSaleID) VALUES ('X16357', 4398, 'Monthly', 'Sale data for Report 19, total sales: $7839', 10019, '00001115');
INSERT INTO salesreport (ReportID, CommissionEarned, ReportFrequency, SalesData, cusID, BillofSaleID) VALUES ('S86542', 981, 'Annually', 'Sale data for Report 20, total sales: $9789', 10020, '00001141');
INSERT INTO salesreport (ReportID, CommissionEarned, ReportFrequency, SalesData, cusID, BillofSaleID) VALUES ('B45072', 2096, 'Daily', 'Sale data for Report 21, total sales: $4636', 10021, '00001122');
INSERT INTO salesreport (ReportID, CommissionEarned, ReportFrequency, SalesData, cusID, BillofSaleID) VALUES ('K92793', 3400, 'Daily', 'Sale data for Report 22, total sales: $5624', 10022, '00001145');
INSERT INTO salesreport (ReportID, CommissionEarned, ReportFrequency, SalesData, cusID, BillofSaleID) VALUES ('Q98474', 4065, 'Monthly', 'Sale data for Report 23, total sales: $17921', 10023, '00001200');
INSERT INTO salesreport (ReportID, CommissionEarned, ReportFrequency, SalesData, cusID, BillofSaleID) VALUES ('S69305', 2191, 'Quarterly', 'Sale data for Report 24, total sales: $6201', 10024, '00001150');
INSERT INTO salesreport (ReportID, CommissionEarned, ReportFrequency, SalesData, cusID, BillofSaleID) VALUES ('I47536', 4933, 'Daily', 'Sale data for Report 25, total sales: $6094', 10025, '00001183');
INSERT INTO salesreport (ReportID, CommissionEarned, ReportFrequency, SalesData, cusID, BillofSaleID) VALUES ('O69942', 1089, 'Quarterly', 'Sale data for Report 26, total sales: $14005', 10026, '00001140');
INSERT INTO salesreport (ReportID, CommissionEarned, ReportFrequency, SalesData, cusID, BillofSaleID) VALUES ('Z79544', 3818, 'Monthly', 'Sale data for Report 27, total sales: $7587', 10027, '00001133');
INSERT INTO salesreport (ReportID, CommissionEarned, ReportFrequency, SalesData, cusID, BillofSaleID) VALUES ('P90173', 3809, 'Quarterly', 'Sale data for Report 28, total sales: $4753', 10028, '00001169');
INSERT INTO salesreport (ReportID, CommissionEarned, ReportFrequency, SalesData, cusID, BillofSaleID) VALUES ('C48578', 688, 'Daily', 'Sale data for Report 29, total sales: $16514', 10029, '00001154');
INSERT INTO salesreport (ReportID, CommissionEarned, ReportFrequency, SalesData, cusID, BillofSaleID) VALUES ('O36532', 4983, 'Daily', 'Sale data for Report 30, total sales: $6867', 10030, '00001197');
INSERT INTO salesreport (ReportID, CommissionEarned, ReportFrequency, SalesData, cusID, BillofSaleID) VALUES ('R86400', 3999, 'Monthly', 'Sale data for Report 31, total sales: $18876', 10031, '00001115');
INSERT INTO salesreport (ReportID, CommissionEarned, ReportFrequency, SalesData, cusID, BillofSaleID) VALUES ('Q85755', 1776, 'Quarterly', 'Sale data for Report 32, total sales: $1478', 10032, '00001177');
INSERT INTO salesreport (ReportID, CommissionEarned, ReportFrequency, SalesData, cusID, BillofSaleID) VALUES ('P67593', 1681, 'Weekly', 'Sale data for Report 33, total sales: $16096', 10033, '00001217');
INSERT INTO salesreport (ReportID, CommissionEarned, ReportFrequency, SalesData, cusID, BillofSaleID) VALUES ('P20914', 4848, 'Daily', 'Sale data for Report 34, total sales: $16085', 10034, '00001152');
INSERT INTO salesreport (ReportID, CommissionEarned, ReportFrequency, SalesData, cusID, BillofSaleID) VALUES ('W63724', 2072, 'Annually', 'Sale data for Report 35, total sales: $3598', 10035, '00001167');
INSERT INTO salesreport (ReportID, CommissionEarned, ReportFrequency, SalesData, cusID, BillofSaleID) VALUES ('J30232', 3749, 'Quarterly', 'Sale data for Report 36, total sales: $12918', 10036, '00001156');
INSERT INTO salesreport (ReportID, CommissionEarned, ReportFrequency, SalesData, cusID, BillofSaleID) VALUES ('A35351', 2400, 'Daily', 'Sale data for Report 37, total sales: $7680', 10037, '00001173');
INSERT INTO salesreport (ReportID, CommissionEarned, ReportFrequency, SalesData, cusID, BillofSaleID) VALUES ('T85097', 2572, 'Monthly', 'Sale data for Report 38, total sales: $16729', 10038, '00001147');
INSERT INTO salesreport (ReportID, CommissionEarned, ReportFrequency, SalesData, cusID, BillofSaleID) VALUES ('K20524', 3850, 'Monthly', 'Sale data for Report 39, total sales: $17484', 10039, '00001218');
INSERT INTO salesreport (ReportID, CommissionEarned, ReportFrequency, SalesData, cusID, BillofSaleID) VALUES ('Q19476', 2808, 'Daily', 'Sale data for Report 40, total sales: $5599', 10040, '00001123');
INSERT INTO salesreport (ReportID, CommissionEarned, ReportFrequency, SalesData, cusID, BillofSaleID) VALUES ('H35686', 4719, 'Daily', 'Sale data for Report 41, total sales: $1209', 10041, '00001150');
INSERT INTO salesreport (ReportID, CommissionEarned, ReportFrequency, SalesData, cusID, BillofSaleID) VALUES ('W80020', 1146, 'Daily', 'Sale data for Report 42, total sales: $15168', 10042, '00001137');
INSERT INTO salesreport (ReportID, CommissionEarned, ReportFrequency, SalesData, cusID, BillofSaleID) VALUES ('E61707', 4059, 'Annually', 'Sale data for Report 43, total sales: $7901', 10043, '00001193');
INSERT INTO salesreport (ReportID, CommissionEarned, ReportFrequency, SalesData, cusID, BillofSaleID) VALUES ('Y40028', 3987, 'Quarterly', 'Sale data for Report 44, total sales: $17895', 10044, '00001174');
INSERT INTO salesreport (ReportID, CommissionEarned, ReportFrequency, SalesData, cusID, BillofSaleID) VALUES ('C67640', 1058, 'Weekly', 'Sale data for Report 45, total sales: $8781', 10045, '00001174');
INSERT INTO salesreport (ReportID, CommissionEarned, ReportFrequency, SalesData, cusID, BillofSaleID) VALUES ('R57206', 3479, 'Daily', 'Sale data for Report 46, total sales: $1090', 10046, '00001149');
INSERT INTO salesreport (ReportID, CommissionEarned, ReportFrequency, SalesData, cusID, BillofSaleID) VALUES ('D31586', 1113, 'Monthly', 'Sale data for Report 47, total sales: $8677', 10047, '00001177');
INSERT INTO salesreport (ReportID, CommissionEarned, ReportFrequency, SalesData, cusID, BillofSaleID) VALUES ('A17646', 3462, 'Monthly', 'Sale data for Report 48, total sales: $10995', 10048, '00001111');
INSERT INTO salesreport (ReportID, CommissionEarned, ReportFrequency, SalesData, cusID, BillofSaleID) VALUES ('U88324', 805, 'Monthly', 'Sale data for Report 49, total sales: $1451', 10049, '00001141');
INSERT INTO salesreport (ReportID, CommissionEarned, ReportFrequency, SalesData, cusID, BillofSaleID) VALUES ('R88590', 3800, 'Weekly', 'Sale data for Report 50, total sales: $5539', 10050, '00001185');
INSERT INTO salesreport (ReportID, CommissionEarned, ReportFrequency, SalesData, cusID, BillofSaleID) VALUES ('O34422', 2038, 'Daily', 'Sale data for Report 51, total sales: $17278', 10051, '00001149');
INSERT INTO salesreport (ReportID, CommissionEarned, ReportFrequency, SalesData, cusID, BillofSaleID) VALUES ('R30174', 4752, 'Monthly', 'Sale data for Report 52, total sales: $2534', 10052, '00001183');
INSERT INTO salesreport (ReportID, CommissionEarned, ReportFrequency, SalesData, cusID, BillofSaleID) VALUES ('L27534', 2478, 'Monthly', 'Sale data for Report 53, total sales: $6398', 10053, '00001175');
INSERT INTO salesreport (ReportID, CommissionEarned, ReportFrequency, SalesData, cusID, BillofSaleID) VALUES ('Y49091', 1182, 'Monthly', 'Sale data for Report 54, total sales: $2511', 10054, '00001136');
INSERT INTO salesreport (ReportID, CommissionEarned, ReportFrequency, SalesData, cusID, BillofSaleID) VALUES ('C92037', 3127, 'Weekly', 'Sale data for Report 55, total sales: $6403', 10055, '00001217');
INSERT INTO salesreport (ReportID, CommissionEarned, ReportFrequency, SalesData, cusID, BillofSaleID) VALUES ('U95199', 4471, 'Weekly', 'Sale data for Report 56, total sales: $8119', 10056, '00001214');
INSERT INTO salesreport (ReportID, CommissionEarned, ReportFrequency, SalesData, cusID, BillofSaleID) VALUES ('T81156', 2818, 'Weekly', 'Sale data for Report 57, total sales: $9044', 10057, '00001146');
INSERT INTO salesreport (ReportID, CommissionEarned, ReportFrequency, SalesData, cusID, BillofSaleID) VALUES ('P45793', 725, 'Weekly', 'Sale data for Report 58, total sales: $9379', 10058, '00001144');
INSERT INTO salesreport (ReportID, CommissionEarned, ReportFrequency, SalesData, cusID, BillofSaleID) VALUES ('V37142', 984, 'Monthly', 'Sale data for Report 59, total sales: $5899', 10059, '00001194');
INSERT INTO salesreport (ReportID, CommissionEarned, ReportFrequency, SalesData, cusID, BillofSaleID) VALUES ('S29082', 4321, 'Quarterly', 'Sale data for Report 60, total sales: $4974', 10060, '00001186');
INSERT INTO salesreport (ReportID, CommissionEarned, ReportFrequency, SalesData, cusID, BillofSaleID) VALUES ('C84342', 2941, 'Daily', 'Sale data for Report 61, total sales: $4839', 10061, '00001174');
INSERT INTO salesreport (ReportID, CommissionEarned, ReportFrequency, SalesData, cusID, BillofSaleID) VALUES ('I94661', 3750, 'Weekly', 'Sale data for Report 62, total sales: $4003', 10062, '00001174');
INSERT INTO salesreport (ReportID, CommissionEarned, ReportFrequency, SalesData, cusID, BillofSaleID) VALUES ('M57184', 798, 'Weekly', 'Sale data for Report 63, total sales: $1087', 10063, '00001194');
INSERT INTO salesreport (ReportID, CommissionEarned, ReportFrequency, SalesData, cusID, BillofSaleID) VALUES ('J74352', 3630, 'Quarterly', 'Sale data for Report 64, total sales: $10745', 10064, '00001143');
INSERT INTO salesreport (ReportID, CommissionEarned, ReportFrequency, SalesData, cusID, BillofSaleID) VALUES ('N38382', 849, 'Monthly', 'Sale data for Report 65, total sales: $2649', 10065, '00001147');
INSERT INTO salesreport (ReportID, CommissionEarned, ReportFrequency, SalesData, cusID, BillofSaleID) VALUES ('H41350', 3364, 'Monthly', 'Sale data for Report 66, total sales: $9269', 10066, '00001153');
INSERT INTO salesreport (ReportID, CommissionEarned, ReportFrequency, SalesData, cusID, BillofSaleID) VALUES ('C53971', 1345, 'Quarterly', 'Sale data for Report 67, total sales: $16791', 10067, '00001174');
INSERT INTO salesreport (ReportID, CommissionEarned, ReportFrequency, SalesData, cusID, BillofSaleID) VALUES ('G92878', 4439, 'Weekly', 'Sale data for Report 68, total sales: $7791', 10068, '00001112');
INSERT INTO salesreport (ReportID, CommissionEarned, ReportFrequency, SalesData, cusID, BillofSaleID) VALUES ('B89230', 1858, 'Annually', 'Sale data for Report 69, total sales: $6421', 10069, '00001218');
INSERT INTO salesreport (ReportID, CommissionEarned, ReportFrequency, SalesData, cusID, BillofSaleID) VALUES ('W91022', 3013, 'Annually', 'Sale data for Report 70, total sales: $3845', 10070, '00001114');
INSERT INTO salesreport (ReportID, CommissionEarned, ReportFrequency, SalesData, cusID, BillofSaleID) VALUES ('Z76560', 1187, 'Quarterly', 'Sale data for Report 71, total sales: $12544', 10071, '00001208');
INSERT INTO salesreport (ReportID, CommissionEarned, ReportFrequency, SalesData, cusID, BillofSaleID) VALUES ('J30563', 2286, 'Quarterly', 'Sale data for Report 72, total sales: $12609', 10072, '00001215');
INSERT INTO salesreport (ReportID, CommissionEarned, ReportFrequency, SalesData, cusID, BillofSaleID) VALUES ('I68868', 1878, 'Quarterly', 'Sale data for Report 73, total sales: $4990', 10073, '00001191');
INSERT INTO salesreport (ReportID, CommissionEarned, ReportFrequency, SalesData, cusID, BillofSaleID) VALUES ('Q24782', 2548, 'Monthly', 'Sale data for Report 74, total sales: $12357', 10074, '00001130');
INSERT INTO salesreport (ReportID, CommissionEarned, ReportFrequency, SalesData, cusID, BillofSaleID) VALUES ('N95234', 2277, 'Daily', 'Sale data for Report 75, total sales: $8888', 10075, '00001164');
INSERT INTO salesreport (ReportID, CommissionEarned, ReportFrequency, SalesData, cusID, BillofSaleID) VALUES ('Q68113', 3875, 'Annually', 'Sale data for Report 76, total sales: $12662', 10076, '00001137');
INSERT INTO salesreport (ReportID, CommissionEarned, ReportFrequency, SalesData, cusID, BillofSaleID) VALUES ('T82886', 2801, 'Weekly', 'Sale data for Report 77, total sales: $18836', 10077, '00001169');
INSERT INTO salesreport (ReportID, CommissionEarned, ReportFrequency, SalesData, cusID, BillofSaleID) VALUES ('L98420', 3832, 'Daily', 'Sale data for Report 78, total sales: $2532', 10078, '00001132');
INSERT INTO salesreport (ReportID, CommissionEarned, ReportFrequency, SalesData, cusID, BillofSaleID) VALUES ('M51359', 1311, 'Daily', 'Sale data for Report 79, total sales: $10833', 10079, '00001121');
INSERT INTO salesreport (ReportID, CommissionEarned, ReportFrequency, SalesData, cusID, BillofSaleID) VALUES ('O45463', 4562, 'Quarterly', 'Sale data for Report 80, total sales: $1261', 10080, '00001152');
INSERT INTO salesreport (ReportID, CommissionEarned, ReportFrequency, SalesData, cusID, BillofSaleID) VALUES ('Q31137', 4525, 'Annually', 'Sale data for Report 81, total sales: $17428', 10081, '00001178');
INSERT INTO salesreport (ReportID, CommissionEarned, ReportFrequency, SalesData, cusID, BillofSaleID) VALUES ('K64942', 4404, 'Monthly', 'Sale data for Report 82, total sales: $12204', 10082, '00001133');
INSERT INTO salesreport (ReportID, CommissionEarned, ReportFrequency, SalesData, cusID, BillofSaleID) VALUES ('P27710', 4867, 'Annually', 'Sale data for Report 83, total sales: $11774', 10083, '00001163');
INSERT INTO salesreport (ReportID, CommissionEarned, ReportFrequency, SalesData, cusID, BillofSaleID) VALUES ('L51109', 854, 'Daily', 'Sale data for Report 84, total sales: $4449', 10084, '00001215');
INSERT INTO salesreport (ReportID, CommissionEarned, ReportFrequency, SalesData, cusID, BillofSaleID) VALUES ('Y18076', 4730, 'Daily', 'Sale data for Report 85, total sales: $13551', 10085, '00001185');
INSERT INTO salesreport (ReportID, CommissionEarned, ReportFrequency, SalesData, cusID, BillofSaleID) VALUES ('F80609', 3226, 'Weekly', 'Sale data for Report 86, total sales: $15443', 10086, '00001186');
INSERT INTO salesreport (ReportID, CommissionEarned, ReportFrequency, SalesData, cusID, BillofSaleID) VALUES ('T80063', 2340, 'Monthly', 'Sale data for Report 87, total sales: $16741', 10087, '00001178');
INSERT INTO salesreport (ReportID, CommissionEarned, ReportFrequency, SalesData, cusID, BillofSaleID) VALUES ('V17826', 4141, 'Annually', 'Sale data for Report 88, total sales: $14254', 10088, '00001218');
INSERT INTO salesreport (ReportID, CommissionEarned, ReportFrequency, SalesData, cusID, BillofSaleID) VALUES ('W61809', 1970, 'Quarterly', 'Sale data for Report 89, total sales: $18381', 10089, '00001218');
INSERT INTO salesreport (ReportID, CommissionEarned, ReportFrequency, SalesData, cusID, BillofSaleID) VALUES ('L33069', 3954, 'Annually', 'Sale data for Report 90, total sales: $8315', 10090, '00001154');
INSERT INTO salesreport (ReportID, CommissionEarned, ReportFrequency, SalesData, cusID, BillofSaleID) VALUES ('U35769', 2733, 'Daily', 'Sale data for Report 91, total sales: $10200', 10091, '00001143');
INSERT INTO salesreport (ReportID, CommissionEarned, ReportFrequency, SalesData, cusID, BillofSaleID) VALUES ('W54534', 1434, 'Quarterly', 'Sale data for Report 92, total sales: $19717', 10092, '00001159');
INSERT INTO salesreport (ReportID, CommissionEarned, ReportFrequency, SalesData, cusID, BillofSaleID) VALUES ('L45752', 2198, 'Monthly', 'Sale data for Report 93, total sales: $19305', 10093, '00001196');
INSERT INTO salesreport (ReportID, CommissionEarned, ReportFrequency, SalesData, cusID, BillofSaleID) VALUES ('F92090', 2382, 'Monthly', 'Sale data for Report 94, total sales: $9733', 10094, '00001121');
INSERT INTO salesreport (ReportID, CommissionEarned, ReportFrequency, SalesData, cusID, BillofSaleID) VALUES ('T77237', 2227, 'Annually', 'Sale data for Report 95, total sales: $1247', 10095, '00001115');
INSERT INTO salesreport (ReportID, CommissionEarned, ReportFrequency, SalesData, cusID, BillofSaleID) VALUES ('W89386', 4320, 'Weekly', 'Sale data for Report 96, total sales: $15415', 10096, '00001119');
INSERT INTO salesreport (ReportID, CommissionEarned, ReportFrequency, SalesData, cusID, BillofSaleID) VALUES ('R75281', 1416, 'Quarterly', 'Sale data for Report 97, total sales: $13584', 10097, '00001143');
INSERT INTO salesreport (ReportID, CommissionEarned, ReportFrequency, SalesData, cusID, BillofSaleID) VALUES ('F99745', 546, 'Annually', 'Sale data for Report 98, total sales: $6656', 10098, '00001195');
INSERT INTO salesreport (ReportID, CommissionEarned, ReportFrequency, SalesData, cusID, BillofSaleID) VALUES ('B52825', 3980, 'Quarterly', 'Sale data for Report 99, total sales: $7134', 10099, '00001183');
INSERT INTO salesreport (ReportID, CommissionEarned, ReportFrequency, SalesData, cusID, BillofSaleID) VALUES ('T29560', 1478, 'Daily', 'Sale data for Report 100, total sales: $10181', 10100, '00001142');
INSERT INTO salesreport (ReportID, CommissionEarned, ReportFrequency, SalesData, cusID, BillofSaleID) VALUES ('V64592', 4002, 'Monthly', 'Sale data for Report 101, total sales: $3144', 10101, '00001168');
INSERT INTO salesreport (ReportID, CommissionEarned, ReportFrequency, SalesData, cusID, BillofSaleID) VALUES ('Y44376', 4556, 'Weekly', 'Sale data for Report 102, total sales: $15436', 10102, '00001142');
INSERT INTO salesreport (ReportID, CommissionEarned, ReportFrequency, SalesData, cusID, BillofSaleID) VALUES ('L83554', 4350, 'Daily', 'Sale data for Report 103, total sales: $16965', 10103, '00001143');
INSERT INTO salesreport (ReportID, CommissionEarned, ReportFrequency, SalesData, cusID, BillofSaleID) VALUES ('T86669', 652, 'Monthly', 'Sale data for Report 104, total sales: $1348', 10104, '00001169');
INSERT INTO salesreport (ReportID, CommissionEarned, ReportFrequency, SalesData, cusID, BillofSaleID) VALUES ('M16421', 1862, 'Quarterly', 'Sale data for Report 105, total sales: $2031', 10105, '00001217');
INSERT INTO salesreport (ReportID, CommissionEarned, ReportFrequency, SalesData, cusID, BillofSaleID) VALUES ('N41786', 1506, 'Weekly', 'Sale data for Report 106, total sales: $7548', 10106, '00001130');
INSERT INTO salesreport (ReportID, CommissionEarned, ReportFrequency, SalesData, cusID, BillofSaleID) VALUES ('N69162', 4531, 'Monthly', 'Sale data for Report 107, total sales: $19839', 10107, '00001119');
INSERT INTO salesreport (ReportID, CommissionEarned, ReportFrequency, SalesData, cusID, BillofSaleID) VALUES ('Z78037', 837, 'Monthly', 'Sale data for Report 108, total sales: $17056', 10108, '00001193');
INSERT INTO salesreport (ReportID, CommissionEarned, ReportFrequency, SalesData, cusID, BillofSaleID) VALUES ('H75283', 4838, 'Weekly', 'Sale data for Report 109, total sales: $14379', 10109, '00001137');
INSERT INTO salesreport (ReportID, CommissionEarned, ReportFrequency, SalesData, cusID, BillofSaleID) VALUES ('O10912', 3375, 'Daily', 'Sale data for Report 110, total sales: $7638', 10110, '00001169');



INSERT INTO Survey (cusID, SurveyTime, Recipient, SurveyContent) VALUES (10064, '2024-08-23 22:00:41', 'Management', 'Overall satisfaction with the purchase experience.');
INSERT INTO Survey (cusID, SurveyTime, Recipient, SurveyContent) VALUES (10046, '2024-09-02 22:00:41', 'Support Team', 'Friendliness and professionalism of the staff.');
INSERT INTO Survey (cusID, SurveyTime, Recipient, SurveyContent) VALUES (10026, '2024-02-18 22:00:41', 'Customer Service', 'Satisfaction with the delivery process.');
INSERT INTO Survey (cusID, SurveyTime, Recipient, SurveyContent) VALUES (10076, '2024-11-03 22:00:41', 'Feedback Team', 'Friendliness and professionalism of the staff.');
INSERT INTO Survey (cusID, SurveyTime, Recipient, SurveyContent) VALUES (10104, '2024-07-29 22:00:41', 'Feedback Team', 'Satisfaction with the delivery process.');
INSERT INTO Survey (cusID, SurveyTime, Recipient, SurveyContent) VALUES (10104, '2024-05-11 22:00:41', 'Support Team', 'Ease of completing the transaction.');
INSERT INTO Survey (cusID, SurveyTime, Recipient, SurveyContent) VALUES (10080, '2024-01-12 22:00:41', 'Management', 'Overall satisfaction with the purchase experience.');
INSERT INTO Survey (cusID, SurveyTime, Recipient, SurveyContent) VALUES (10100, '2024-09-19 22:00:41', 'Management', 'Overall satisfaction with the purchase experience.');
INSERT INTO Survey (cusID, SurveyTime, Recipient, SurveyContent) VALUES (10038, '2023-11-14 22:00:41', 'Support Team', 'Friendliness and professionalism of the staff.');
INSERT INTO Survey (cusID, SurveyTime, Recipient, SurveyContent) VALUES (10022, '2024-02-23 22:00:41', 'Support Team', 'Ease of completing the transaction.');
INSERT INTO Survey (cusID, SurveyTime, Recipient, SurveyContent) VALUES (10023, '2024-01-22 22:00:41', 'Management', 'Friendliness and professionalism of the staff.');
INSERT INTO Survey (cusID, SurveyTime, Recipient, SurveyContent) VALUES (10032, '2024-02-26 22:00:41', 'Customer Service', 'Satisfaction with the delivery process.');
INSERT INTO Survey (cusID, SurveyTime, Recipient, SurveyContent) VALUES (10099, '2023-12-15 22:00:41', 'Sales Team', 'Ease of completing the transaction.');
INSERT INTO Survey (cusID, SurveyTime, Recipient, SurveyContent) VALUES (10001, '2024-02-23 22:00:41', 'Sales Team', 'Likelihood of recommending our services to others.');
INSERT INTO Survey (cusID, SurveyTime, Recipient, SurveyContent) VALUES (10035, '2024-05-01 22:00:41', 'Sales Team', 'Overall satisfaction with the purchase experience.');
INSERT INTO Survey (cusID, SurveyTime, Recipient, SurveyContent) VALUES (10095, '2024-09-09 22:00:41', 'Feedback Team', 'Ease of completing the transaction.');
INSERT INTO Survey (cusID, SurveyTime, Recipient, SurveyContent) VALUES (10105, '2024-06-25 22:00:41', 'Sales Team', 'Overall satisfaction with the purchase experience.');
INSERT INTO Survey (cusID, SurveyTime, Recipient, SurveyContent) VALUES (10016, '2024-08-14 22:00:41', 'Support Team', 'Likelihood of recommending our services to others.');
INSERT INTO Survey (cusID, SurveyTime, Recipient, SurveyContent) VALUES (10031, '2024-07-06 22:00:41', 'Support Team', 'Satisfaction with the delivery process.');
INSERT INTO Survey (cusID, SurveyTime, Recipient, SurveyContent) VALUES (10011, '2024-06-20 22:00:41', 'Feedback Team', 'Ease of completing the transaction.');
INSERT INTO Survey (cusID, SurveyTime, Recipient, SurveyContent) VALUES (10047, '2024-02-19 22:00:41', 'Support Team', 'Satisfaction with the delivery process.');
INSERT INTO Survey (cusID, SurveyTime, Recipient, SurveyContent) VALUES (10048, '2024-03-15 22:00:41', 'Sales Team', 'Satisfaction with the delivery process.');
INSERT INTO Survey (cusID, SurveyTime, Recipient, SurveyContent) VALUES (10024, '2024-06-01 22:00:41', 'Feedback Team', 'Overall satisfaction with the purchase experience.');
INSERT INTO Survey (cusID, SurveyTime, Recipient, SurveyContent) VALUES (10094, '2024-04-08 22:00:41', 'Management', 'Friendliness and professionalism of the staff.');
INSERT INTO Survey (cusID, SurveyTime, Recipient, SurveyContent) VALUES (10102, '2024-05-23 22:00:41', 'Support Team', 'Overall satisfaction with the purchase experience.');
INSERT INTO Survey (cusID, SurveyTime, Recipient, SurveyContent) VALUES (10087, '2024-01-09 22:00:41', 'Feedback Team', 'Ease of completing the transaction.');
INSERT INTO Survey (cusID, SurveyTime, Recipient, SurveyContent) VALUES (10093, '2024-02-01 22:00:41', 'Customer Service', 'Satisfaction with the delivery process.');
INSERT INTO Survey (cusID, SurveyTime, Recipient, SurveyContent) VALUES (10044, '2024-06-17 22:00:41', 'Customer Service', 'Ease of completing the transaction.');
INSERT INTO Survey (cusID, SurveyTime, Recipient, SurveyContent) VALUES (10018, '2024-03-10 22:00:41', 'Support Team', 'Satisfaction with the delivery process.');
INSERT INTO Survey (cusID, SurveyTime, Recipient, SurveyContent) VALUES (10036, '2024-06-13 22:00:41', 'Feedback Team', 'Likelihood of recommending our services to others.');
INSERT INTO Survey (cusID, SurveyTime, Recipient, SurveyContent) VALUES (10040, '2024-05-20 22:00:41', 'Management', 'Likelihood of recommending our services to others.');
INSERT INTO Survey (cusID, SurveyTime, Recipient, SurveyContent) VALUES (10008, '2024-01-06 22:00:41', 'Support Team', 'Ease of completing the transaction.');
INSERT INTO Survey (cusID, SurveyTime, Recipient, SurveyContent) VALUES (10037, '2024-09-13 22:00:41', 'Management', 'Overall satisfaction with the purchase experience.');
INSERT INTO Survey (cusID, SurveyTime, Recipient, SurveyContent) VALUES (10081, '2024-05-30 22:00:41', 'Customer Service', 'Ease of completing the transaction.');
INSERT INTO Survey (cusID, SurveyTime, Recipient, SurveyContent) VALUES (10077, '2024-01-22 22:00:41', 'Feedback Team', 'Friendliness and professionalism of the staff.');
INSERT INTO Survey (cusID, SurveyTime, Recipient, SurveyContent) VALUES (10030, '2024-10-07 22:00:41', 'Feedback Team', 'Ease of completing the transaction.');
INSERT INTO Survey (cusID, SurveyTime, Recipient, SurveyContent) VALUES (10022, '2023-12-20 22:00:41', 'Sales Team', 'Overall satisfaction with the purchase experience.');
INSERT INTO Survey (cusID, SurveyTime, Recipient, SurveyContent) VALUES (10096, '2024-08-16 22:00:41', 'Feedback Team', 'Likelihood of recommending our services to others.');
INSERT INTO Survey (cusID, SurveyTime, Recipient, SurveyContent) VALUES (10021, '2024-09-28 22:00:41', 'Sales Team', 'Overall satisfaction with the purchase experience.');
INSERT INTO Survey (cusID, SurveyTime, Recipient, SurveyContent) VALUES (10066, '2024-08-27 22:00:41', 'Sales Team', 'Satisfaction with the delivery process.');
INSERT INTO Survey (cusID, SurveyTime, Recipient, SurveyContent) VALUES (10091, '2023-12-14 22:00:41', 'Management', 'Satisfaction with the delivery process.');
INSERT INTO Survey (cusID, SurveyTime, Recipient, SurveyContent) VALUES (10036, '2024-04-19 22:00:41', 'Sales Team', 'Overall satisfaction with the purchase experience.');
INSERT INTO Survey (cusID, SurveyTime, Recipient, SurveyContent) VALUES (10032, '2023-11-22 22:00:41', 'Support Team', 'Satisfaction with the delivery process.');
INSERT INTO Survey (cusID, SurveyTime, Recipient, SurveyContent) VALUES (10041, '2024-04-03 22:00:41', 'Customer Service', 'Overall satisfaction with the purchase experience.');
INSERT INTO Survey (cusID, SurveyTime, Recipient, SurveyContent) VALUES (10006, '2023-12-14 22:00:41', 'Support Team', 'Ease of completing the transaction.');
INSERT INTO Survey (cusID, SurveyTime, Recipient, SurveyContent) VALUES (10027, '2024-08-26 22:00:41', 'Support Team', 'Satisfaction with the delivery process.');
INSERT INTO Survey (cusID, SurveyTime, Recipient, SurveyContent) VALUES (10082, '2024-06-24 22:00:41', 'Feedback Team', 'Likelihood of recommending our services to others.');
INSERT INTO Survey (cusID, SurveyTime, Recipient, SurveyContent) VALUES (10009, '2024-06-05 22:00:41', 'Feedback Team', 'Friendliness and professionalism of the staff.');
INSERT INTO Survey (cusID, SurveyTime, Recipient, SurveyContent) VALUES (10018, '2024-04-22 22:00:41', 'Sales Team', 'Ease of completing the transaction.');
INSERT INTO Survey (cusID, SurveyTime, Recipient, SurveyContent) VALUES (10011, '2024-02-10 22:00:41', 'Support Team', 'Overall satisfaction with the purchase experience.');
INSERT INTO Survey (cusID, SurveyTime, Recipient, SurveyContent) VALUES (10106, '2024-04-02 22:00:41', 'Customer Service', 'Friendliness and professionalism of the staff.');
INSERT INTO Survey (cusID, SurveyTime, Recipient, SurveyContent) VALUES (10070, '2023-12-30 22:00:41', 'Feedback Team', 'Satisfaction with the delivery process.');
INSERT INTO Survey (cusID, SurveyTime, Recipient, SurveyContent) VALUES (10106, '2024-02-22 22:00:41', 'Sales Team', 'Satisfaction with the delivery process.');
INSERT INTO Survey (cusID, SurveyTime, Recipient, SurveyContent) VALUES (10035, '2024-09-21 22:00:41', 'Feedback Team', 'Satisfaction with the delivery process.');
INSERT INTO Survey (cusID, SurveyTime, Recipient, SurveyContent) VALUES (10046, '2024-04-04 22:00:41', 'Support Team', 'Friendliness and professionalism of the staff.');
INSERT INTO Survey (cusID, SurveyTime, Recipient, SurveyContent) VALUES (10040, '2023-12-14 22:00:41', 'Customer Service', 'Likelihood of recommending our services to others.');
INSERT INTO Survey (cusID, SurveyTime, Recipient, SurveyContent) VALUES (10033, '2024-05-16 22:00:41', 'Feedback Team', 'Likelihood of recommending our services to others.');
INSERT INTO Survey (cusID, SurveyTime, Recipient, SurveyContent) VALUES (10005, '2024-08-29 22:00:41', 'Customer Service', 'Friendliness and professionalism of the staff.');
INSERT INTO Survey (cusID, SurveyTime, Recipient, SurveyContent) VALUES (10074, '2023-11-09 22:00:41', 'Support Team', 'Satisfaction with the delivery process.');
INSERT INTO Survey (cusID, SurveyTime, Recipient, SurveyContent) VALUES (10047, '2024-04-06 22:00:41', 'Customer Service', 'Friendliness and professionalism of the staff.');
INSERT INTO Survey (cusID, SurveyTime, Recipient, SurveyContent) VALUES (10031, '2024-08-01 22:00:41', 'Support Team', 'Satisfaction with the delivery process.');
INSERT INTO Survey (cusID, SurveyTime, Recipient, SurveyContent) VALUES (10101, '2024-01-20 22:00:41', 'Customer Service', 'Likelihood of recommending our services to others.');
INSERT INTO Survey (cusID, SurveyTime, Recipient, SurveyContent) VALUES (10096, '2024-06-27 22:00:41', 'Management', 'Likelihood of recommending our services to others.');
INSERT INTO Survey (cusID, SurveyTime, Recipient, SurveyContent) VALUES (10048, '2024-04-01 22:00:41', 'Support Team', 'Friendliness and professionalism of the staff.');
INSERT INTO Survey (cusID, SurveyTime, Recipient, SurveyContent) VALUES (10096, '2024-03-14 22:00:41', 'Feedback Team', 'Ease of completing the transaction.');
INSERT INTO Survey (cusID, SurveyTime, Recipient, SurveyContent) VALUES (10107, '2024-10-12 22:00:41', 'Support Team', 'Likelihood of recommending our services to others.');
INSERT INTO Survey (cusID, SurveyTime, Recipient, SurveyContent) VALUES (10107, '2024-02-03 22:00:41', 'Feedback Team', 'Friendliness and professionalism of the staff.');
INSERT INTO Survey (cusID, SurveyTime, Recipient, SurveyContent) VALUES (10008, '2024-01-12 22:00:41', 'Feedback Team', 'Ease of completing the transaction.');
INSERT INTO Survey (cusID, SurveyTime, Recipient, SurveyContent) VALUES (10058, '2023-11-08 22:00:41', 'Management', 'Ease of completing the transaction.');
INSERT INTO Survey (cusID, SurveyTime, Recipient, SurveyContent) VALUES (10082, '2024-02-13 22:00:41', 'Management', 'Likelihood of recommending our services to others.');
INSERT INTO Survey (cusID, SurveyTime, Recipient, SurveyContent) VALUES (10101, '2023-12-08 22:00:41', 'Management', 'Friendliness and professionalism of the staff.');
INSERT INTO Survey (cusID, SurveyTime, Recipient, SurveyContent) VALUES (10031, '2024-02-12 22:00:41', 'Support Team', 'Friendliness and professionalism of the staff.');
INSERT INTO Survey (cusID, SurveyTime, Recipient, SurveyContent) VALUES (10050, '2023-12-16 22:00:41', 'Support Team', 'Satisfaction with the delivery process.');
INSERT INTO Survey (cusID, SurveyTime, Recipient, SurveyContent) VALUES (10014, '2024-04-18 22:00:41', 'Feedback Team', 'Ease of completing the transaction.');
INSERT INTO Survey (cusID, SurveyTime, Recipient, SurveyContent) VALUES (10056, '2023-11-16 22:00:41', 'Customer Service', 'Likelihood of recommending our services to others.');
INSERT INTO Survey (cusID, SurveyTime, Recipient, SurveyContent) VALUES (10081, '2024-04-16 22:00:41', 'Sales Team', 'Likelihood of recommending our services to others.');
INSERT INTO Survey (cusID, SurveyTime, Recipient, SurveyContent) VALUES (10087, '2024-05-10 22:00:41', 'Management', 'Likelihood of recommending our services to others.');
INSERT INTO Survey (cusID, SurveyTime, Recipient, SurveyContent) VALUES (10017, '2023-12-05 22:00:41', 'Customer Service', 'Satisfaction with the delivery process.');
INSERT INTO Survey (cusID, SurveyTime, Recipient, SurveyContent) VALUES (10108, '2024-01-05 22:00:41', 'Feedback Team', 'Satisfaction with the delivery process.');
INSERT INTO Survey (cusID, SurveyTime, Recipient, SurveyContent) VALUES (10014, '2024-08-21 22:00:41', 'Support Team', 'Overall satisfaction with the purchase experience.');
INSERT INTO Survey (cusID, SurveyTime, Recipient, SurveyContent) VALUES (10059, '2024-04-02 22:00:41', 'Customer Service', 'Friendliness and professionalism of the staff.');
INSERT INTO Survey (cusID, SurveyTime, Recipient, SurveyContent) VALUES (10038, '2024-11-01 22:00:41', 'Feedback Team', 'Likelihood of recommending our services to others.');
INSERT INTO Survey (cusID, SurveyTime, Recipient, SurveyContent) VALUES (10038, '2024-04-07 22:00:41', 'Feedback Team', 'Ease of completing the transaction.');
INSERT INTO Survey (cusID, SurveyTime, Recipient, SurveyContent) VALUES (10098, '2024-10-15 22:00:41', 'Sales Team', 'Overall satisfaction with the purchase experience.');
INSERT INTO Survey (cusID, SurveyTime, Recipient, SurveyContent) VALUES (10078, '2024-09-26 22:00:41', 'Support Team', 'Friendliness and professionalism of the staff.');
INSERT INTO Survey (cusID, SurveyTime, Recipient, SurveyContent) VALUES (10066, '2024-05-12 22:00:41', 'Sales Team', 'Overall satisfaction with the purchase experience.');
INSERT INTO Survey (cusID, SurveyTime, Recipient, SurveyContent) VALUES (10071, '2024-09-23 22:00:41', 'Feedback Team', 'Ease of completing the transaction.');
INSERT INTO Survey (cusID, SurveyTime, Recipient, SurveyContent) VALUES (10059, '2024-01-03 22:00:41', 'Management', 'Ease of completing the transaction.');
INSERT INTO Survey (cusID, SurveyTime, Recipient, SurveyContent) VALUES (10106, '2024-04-27 22:00:41', 'Feedback Team', 'Overall satisfaction with the purchase experience.');
INSERT INTO Survey (cusID, SurveyTime, Recipient, SurveyContent) VALUES (10038, '2024-03-24 22:00:41', 'Support Team', 'Ease of completing the transaction.');
INSERT INTO Survey (cusID, SurveyTime, Recipient, SurveyContent) VALUES (10061, '2024-06-22 22:00:41', 'Management', 'Likelihood of recommending our services to others.');
INSERT INTO Survey (cusID, SurveyTime, Recipient, SurveyContent) VALUES (10069, '2024-01-22 22:00:41', 'Sales Team', 'Friendliness and professionalism of the staff.');
INSERT INTO Survey (cusID, SurveyTime, Recipient, SurveyContent) VALUES (10007, '2024-09-19 22:00:41', 'Sales Team', 'Friendliness and professionalism of the staff.');
INSERT INTO Survey (cusID, SurveyTime, Recipient, SurveyContent) VALUES (10060, '2024-06-13 22:00:41', 'Management', 'Overall satisfaction with the purchase experience.');
INSERT INTO Survey (cusID, SurveyTime, Recipient, SurveyContent) VALUES (10110, '2024-07-12 22:00:41', 'Support Team', 'Friendliness and professionalism of the staff.');
INSERT INTO Survey (cusID, SurveyTime, Recipient, SurveyContent) VALUES (10020, '2024-04-22 22:00:41', 'Feedback Team', 'Likelihood of recommending our services to others.');
INSERT INTO Survey (cusID, SurveyTime, Recipient, SurveyContent) VALUES (10005, '2024-03-09 22:00:41', 'Feedback Team', 'Overall satisfaction with the purchase experience.');
INSERT INTO Survey (cusID, SurveyTime, Recipient, SurveyContent) VALUES (10083, '2023-11-21 22:00:41', 'Support Team', 'Likelihood of recommending our services to others.');
INSERT INTO Survey (cusID, SurveyTime, Recipient, SurveyContent) VALUES (10105, '2024-07-01 22:00:41', 'Feedback Team', 'Satisfaction with the delivery process.');
INSERT INTO Survey (cusID, SurveyTime, Recipient, SurveyContent) VALUES (10024, '2024-02-14 22:00:41', 'Sales Team', 'Likelihood of recommending our services to others.');
INSERT INTO Survey (cusID, SurveyTime, Recipient, SurveyContent) VALUES (10048, '2024-06-09 22:00:41', 'Sales Team', 'Satisfaction with the delivery process.');
INSERT INTO Survey (cusID, SurveyTime, Recipient, SurveyContent) VALUES (10084, '2023-11-23 22:00:41', 'Feedback Team', 'Satisfaction with the delivery process.');
INSERT INTO Survey (cusID, SurveyTime, Recipient, SurveyContent) VALUES (10005, '2024-04-04 22:00:41', 'Support Team', 'Satisfaction with the delivery process.');
INSERT INTO Survey (cusID, SurveyTime, Recipient, SurveyContent) VALUES (10033, '2024-01-11 22:00:41', 'Support Team', 'Satisfaction with the delivery process.');
INSERT INTO Survey (cusID, SurveyTime, Recipient, SurveyContent) VALUES (10034, '2023-11-09 22:00:41', 'Feedback Team', 'Friendliness and professionalism of the staff.');
INSERT INTO Survey (cusID, SurveyTime, Recipient, SurveyContent) VALUES (10041, '2024-03-10 22:00:41', 'Support Team', 'Friendliness and professionalism of the staff.');
INSERT INTO Survey (cusID, SurveyTime, Recipient, SurveyContent) VALUES (10073, '2024-09-01 22:00:41', 'Customer Service', 'Satisfaction with the delivery process.');
INSERT INTO Survey (cusID, SurveyTime, Recipient, SurveyContent) VALUES (10090, '2024-03-20 22:00:41', 'Management', 'Satisfaction with the delivery process.');
INSERT INTO Survey (cusID, SurveyTime, Recipient, SurveyContent) VALUES (10081, '2023-11-18 22:00:41', 'Customer Service', 'Likelihood of recommending our services to others.');
INSERT INTO Survey (cusID, SurveyTime, Recipient, SurveyContent) VALUES (10080, '2024-01-17 22:00:41', 'Customer Service', 'Likelihood of recommending our services to others.');